# generated by cr_sim.data.engagement -- regenerate, do not hand-edit
# head-on 1v1 at tournament standard. free_hits is what the longer-ranged unit lands before the other closes.
a,b,winner,a_hits,b_hits,seconds,free_hits,untouched,note
AngryBarbarians,Archer,a,1,4,3.43,0,,
AngryBarbarians,ArcherQueen,a,3,5,6.23,0,,
AngryBarbarians,Archer_EV1,a,1,0,0.90,1,yes,
AngryBarbarians,Assassin,a,3,3,3.70,1,,
AngryBarbarians,AxeMan,b,3,8,6.70,3,,
AngryBarbarians,BabyDragon,b,0,8,11.70,8,yes,a cannot target b
AngryBarbarians,Balloon,neither,0,0,0.00,0,,neither can target the other
AngryBarbarians,Barbarians,a,2,1,2.30,1,,
AngryBarbarians,Barbarians_EV1,a,2,1,2.30,1,,
AngryBarbarians,Bats,b,0,17,19.80,17,yes,a cannot target b
AngryBarbarians,BattleHealer,b,0,6,11.60,6,yes,a cannot target b
AngryBarbarians,BattleRam,a,3,0,3.70,3,yes,b cannot target a
AngryBarbarians,Berserker,a,3,6,3.70,0,,
AngryBarbarians,BlowdartGoblin,a,1,5,4.43,0,,
AngryBarbarians,BombTower,a,4,4,8.30,0,,
AngryBarbarians,Bomber,a,1,1,3.10,0,,
AngryBarbarians,BossBandit,b,4,6,6.47,0,,
AngryBarbarians,Bowler,a,6,4,9.77,0,,
AngryBarbarians,BushGoblin,a,1,0,0.90,1,yes,
AngryBarbarians,Cannon,b,2,7,6.10,4,,
AngryBarbarians,DarkPrince,a,5,4,6.50,1,,
AngryBarbarians,DarkWitch,a,3,3,3.97,0,,
AngryBarbarians,DartBarrell,b,0,8,8.30,8,yes,a cannot target b
AngryBarbarians,ElectroDragon,b,0,7,14.00,7,yes,a cannot target b
AngryBarbarians,ElectroGiant,a,11,0,14.90,11,yes,b cannot target a
AngryBarbarians,ElectroSpirit,a,1,1,1.77,0,,
AngryBarbarians,ElectroWizard,a,2,3,4.83,0,,
AngryBarbarians,EliteArcher,a,2,6,6.17,0,,
AngryBarbarians,ElixirGolem,a,5,0,6.50,5,yes,b cannot target a
AngryBarbarians,ElixirGolem2,a,2,0,2.30,2,yes,b cannot target a
AngryBarbarians,ElixirGolem4,a,1,0,0.90,1,yes,b cannot target a
AngryBarbarians,FireSpirits,a,1,1,1.77,0,,
AngryBarbarians,Firecracker,a,1,1,4.10,0,,
AngryBarbarians,FirespiritHut,a,2,3,5.17,0,,
AngryBarbarians,Fisherman,a,3,2,3.70,1,,
AngryBarbarians,Ghost,b,0,6,10.20,6,yes,a cannot target b
AngryBarbarians,Giant,a,11,0,14.90,11,yes,b cannot target a
AngryBarbarians,GiantBuffer,a,8,0,10.70,8,yes,b cannot target a
AngryBarbarians,GiantSkeleton,b,5,5,6.60,0,,
AngryBarbarians,GoblinDemolisher,a,4,7,7.63,0,,
AngryBarbarians,GoblinGang,a,1,1,0.90,0,,
AngryBarbarians,GoblinGiant,a,9,0,12.10,9,yes,b cannot target a
AngryBarbarians,GoblinMachine,b,5,6,6.70,1,,
AngryBarbarians,Goblins,a,1,1,0.90,0,,
AngryBarbarians,Goblinstein,a,7,0,9.30,7,yes,b cannot target a
AngryBarbarians,GoldenKnight,a,5,7,6.50,0,,
AngryBarbarians,Golem,a,14,0,19.10,14,yes,b cannot target a
AngryBarbarians,Golemite,a,3,0,3.70,3,yes,b cannot target a
AngryBarbarians,Heal,a,1,1,1.77,0,,
AngryBarbarians,HogRider,a,5,0,6.50,5,yes,b cannot target a
AngryBarbarians,IceGolemite,a,4,0,5.10,4,yes,b cannot target a
AngryBarbarians,IceSpirits,a,1,1,1.77,0,,
AngryBarbarians,IceWizard,a,2,3,5.17,0,,
AngryBarbarians,InfernoDragon,b,0,9,4.40,9,yes,a cannot target b
AngryBarbarians,InfernoTower,b,0,8,4.00,8,yes,
AngryBarbarians,KingTower,b,7,15,14.50,5,,
AngryBarbarians,Knight,a,5,5,6.50,0,,
AngryBarbarians,LavaHound,neither,0,0,0.00,0,,neither can target the other
AngryBarbarians,LavaPups,b,0,17,27.90,17,yes,a cannot target b
AngryBarbarians,LittlePrince,a,2,4,5.17,0,,
AngryBarbarians,MegaKnight,b,7,6,9.70,0,,
AngryBarbarians,MegaMinion,b,0,5,7.10,5,yes,a cannot target b
AngryBarbarians,MightyMiner,b,3,10,4.30,2,,
AngryBarbarians,Miner,a,4,4,5.10,0,,
AngryBarbarians,MiniPekka,b,2,2,2.97,0,,
AngryBarbarians,MiniSparkys,a,2,2,4.50,0,,
AngryBarbarians,MinionHorde,b,0,13,15.10,13,yes,a cannot target b
AngryBarbarians,Minions,b,0,13,15.10,13,yes,a cannot target b
AngryBarbarians,Monk,b,5,10,7.80,1,,
AngryBarbarians,Mortar,a,4,2,11.97,0,,
AngryBarbarians,MovingCannon,b,2,7,5.80,4,,
AngryBarbarians,Musketeer,a,2,6,5.50,0,,
AngryBarbarians,Musketeer_EV1,a,2,6,5.50,0,,
AngryBarbarians,Pekka,b,2,2,3.10,0,,
AngryBarbarians,Phoenix,b,0,7,6.40,7,yes,a cannot target b
AngryBarbarians,Prince,b,3,4,5.10,1,,
AngryBarbarians,PrincessTower,b,5,15,11.20,7,,
AngryBarbarians,RageBarbarian,b,3,6,4.65,1,,
AngryBarbarians,RamRider,a,5,0,6.50,5,yes,b cannot target a
AngryBarbarians,RascalGirl,a,1,3,3.43,0,,
AngryBarbarians,Rascals,a,5,4,6.50,1,,
AngryBarbarians,Ronin,b,4,4,5.20,0,,
AngryBarbarians,RoyalGiant,a,9,0,14.63,9,yes,b cannot target a
AngryBarbarians,RoyalHogs,a,3,0,3.70,3,yes,b cannot target a
AngryBarbarians,RoyalRecruits,a,3,3,3.97,0,,
AngryBarbarians,SkeletonArmy,a,1,0,0.90,1,yes,
AngryBarbarians,SkeletonDragons,b,0,9,17.60,9,yes,a cannot target b
AngryBarbarians,SkeletonKing,a,6,5,7.90,1,,
AngryBarbarians,SkeletonWarriors,a,2,3,2.57,0,,
AngryBarbarians,Skeletons,a,1,0,0.90,1,yes,
AngryBarbarians,SpearGoblins,a,1,2,3.43,0,,
AngryBarbarians,Tesla,b,3,7,7.30,3,,
AngryBarbarians,ThreeMusketeers,a,3,5,6.90,0,,
AngryBarbarians,Valkyrie,a,5,4,6.50,1,,
AngryBarbarians,Wallbreakers,a,1,0,0.90,1,yes,b cannot target a
AngryBarbarians,Witch,a,3,6,6.57,0,,
AngryBarbarians,WitchMother,a,2,5,5.17,0,,
AngryBarbarians,Wizard,a,2,3,5.17,0,,
AngryBarbarians,Wizard_EV1,a,3,4,6.57,0,,
AngryBarbarians,Xbow,b,2,24,9.20,20,,
AngryBarbarians,ZapMachine,b,3,2,7.00,1,,
AngryBarbarians,goblinstein_doctor,a,2,3,5.17,0,,
Archer,ArcherQueen,b,2,2,2.10,0,,
Archer,Archer_EV1,a,3,0,2.20,3,yes,
Archer,Assassin,b,5,2,4.43,0,,
Archer,AxeMan,b,2,2,1.80,0,,
Archer,BabyDragon,b,4,2,3.70,0,,
Archer,Balloon,a,15,0,13.00,15,yes,b cannot target a
Archer,Barbarians,a,7,1,5.80,6,,
Archer,Barbarians_EV1,a,7,1,5.80,6,,
Archer,Bats,a,1,0,0.40,1,yes,
Archer,BattleHealer,b,8,2,7.00,0,,
Archer,BattleRam,a,9,0,7.60,9,yes,b cannot target a
Archer,Berserker,b,5,3,4.40,0,,
Archer,BlowdartGoblin,b,1,3,2.05,2,,
Archer,BombTower,b,2,2,3.10,1,,
Archer,Bomber,a,3,1,2.20,2,,
Archer,BossBandit,b,5,2,4.60,0,,
Archer,Bowler,b,7,2,5.83,0,,
Archer,BushGoblin,a,4,0,3.10,4,yes,
Archer,Cannon,b,1,2,1.10,1,,
Archer,DarkPrince,b,7,2,6.20,0,,
Archer,DarkWitch,b,4,1,3.95,0,,
Archer,DartBarrell,b,1,2,1.70,1,,
Archer,ElectroDragon,b,6,2,5.00,0,,
Archer,ElectroGiant,a,36,0,31.90,36,yes,b cannot target a
Archer,ElectroSpirit,a,2,0,1.30,2,yes,
Archer,ElectroWizard,b,5,3,4.80,0,,
Archer,EliteArcher,b,1,3,2.60,2,,
Archer,ElixirGolem,a,15,0,13.00,15,yes,b cannot target a
Archer,ElixirGolem2,a,7,0,5.80,7,yes,b cannot target a
Archer,ElixirGolem4,a,4,0,3.10,4,yes,b cannot target a
Archer,FireSpirits,a,2,0,1.30,2,yes,
Archer,Firecracker,a,3,1,3.20,2,,
Archer,FirespiritHut,b,3,2,2.90,0,,
Archer,Fisherman,b,7,2,6.30,0,,
Archer,Ghost,b,6,2,5.53,0,,
Archer,Giant,a,36,0,31.90,36,yes,b cannot target a
Archer,GiantBuffer,a,26,0,22.90,26,yes,b cannot target a
Archer,GiantSkeleton,b,7,2,6.50,0,,
Archer,GoblinDemolisher,b,2,2,1.70,0,,
Archer,GoblinGang,a,2,0,1.30,2,yes,
Archer,GoblinGiant,a,28,0,24.70,28,yes,b cannot target a
Archer,GoblinMachine,b,6,2,5.70,0,,
Archer,Goblins,a,2,0,1.30,2,yes,
Archer,Goblinstein,a,22,0,19.30,22,yes,b cannot target a
Archer,GoldenKnight,b,6,2,5.40,0,,
Archer,Golem,a,46,0,40.90,46,yes,b cannot target a
Archer,Golemite,a,10,0,8.50,10,yes,b cannot target a
Archer,Heal,a,2,0,1.30,2,yes,
Archer,HogRider,a,16,0,13.90,16,yes,b cannot target a
Archer,IceGolemite,a,12,0,10.30,12,yes,b cannot target a
Archer,IceSpirits,a,2,0,1.30,2,yes,
Archer,IceWizard,both,7,4,6.30,0,,they kill each other on the same tick
Archer,InfernoDragon,b,4,4,3.90,0,,
Archer,InfernoTower,b,2,4,2.40,1,,
Archer,KingTower,b,2,4,3.50,2,,
Archer,Knight,b,6,2,5.70,0,,
Archer,LavaHound,a,32,0,28.30,32,yes,b cannot target a
Archer,LavaPups,a,2,0,1.30,2,yes,
Archer,LittlePrince,b,3,3,3.20,1,,
Archer,MegaKnight,b,8,2,6.70,0,,
Archer,MegaMinion,b,5,1,4.50,0,,
Archer,MightyMiner,b,6,5,5.70,0,,
Archer,Miner,b,5,2,4.63,0,,
Archer,MiniPekka,b,4,1,3.90,0,,
Archer,MiniSparkys,a,5,1,4.00,2,,
Archer,MinionHorde,a,3,0,2.20,3,yes,
Archer,Minions,a,3,0,2.20,3,yes,
Archer,Monk,b,7,3,6.00,0,,
Archer,Mortar,b,2,2,8.40,1,,
Archer,MovingCannon,b,1,2,1.30,1,,
Archer,Musketeer,b,0,2,1.30,2,yes,
Archer,Musketeer_EV1,b,0,2,1.30,2,yes,
Archer,Pekka,b,7,1,6.37,0,,
Archer,Phoenix,b,5,2,4.80,0,,
Archer,Prince,b,5,1,4.30,0,,
Archer,PrincessTower,b,0,4,2.40,4,yes,
Archer,RageBarbarian,b,4,2,3.35,0,,
Archer,RamRider,a,16,0,13.90,16,yes,b cannot target a
Archer,RascalGirl,a,3,2,2.20,1,,
Archer,Rascals,b,8,2,6.80,0,,
Archer,Ronin,b,4,1,3.53,0,,
Archer,RoyalGiant,a,29,0,25.60,29,yes,b cannot target a
Archer,RoyalHogs,a,8,0,6.70,8,yes,b cannot target a
Archer,RoyalRecruits,a,8,2,6.70,5,,
Archer,SkeletonArmy,a,1,0,0.40,1,yes,
Archer,SkeletonDragons,a,5,1,4.00,3,,
Archer,SkeletonKing,b,8,2,6.70,0,,
Archer,SkeletonWarriors,a,4,1,3.10,3,,
Archer,Skeletons,a,1,0,0.40,1,yes,
Archer,SpearGoblins,a,2,1,1.30,1,,
Archer,Tesla,b,2,2,1.80,1,,
Archer,ThreeMusketeers,b,1,2,2.00,1,,
Archer,Valkyrie,b,8,2,6.70,0,,
Archer,Wallbreakers,a,3,0,2.20,3,yes,b cannot target a
Archer,Witch,b,2,3,2.60,1,,
Archer,WitchMother,b,3,3,2.70,1,,
Archer,Wizard,b,2,2,2.40,0,,
Archer,Wizard_EV1,b,2,2,2.40,0,,
Archer,Xbow,b,0,6,2.00,6,yes,
Archer,ZapMachine,b,3,1,3.00,0,,
Archer,goblinstein_doctor,b,5,3,4.90,0,,
ArcherQueen,Archer_EV1,a,2,0,2.10,2,yes,
ArcherQueen,Assassin,a,5,3,5.70,3,,
ArcherQueen,AxeMan,b,4,6,5.40,0,,
ArcherQueen,BabyDragon,a,6,4,6.90,2,,
ArcherQueen,Balloon,a,8,0,9.30,8,yes,b cannot target a
ArcherQueen,Barbarians,a,4,0,4.50,4,yes,
ArcherQueen,Barbarians_EV1,a,4,0,4.50,4,yes,
ArcherQueen,Bats,a,1,0,0.90,1,yes,
ArcherQueen,BattleHealer,a,9,3,10.50,4,,
ArcherQueen,BattleRam,a,5,0,5.70,5,yes,b cannot target a
ArcherQueen,Berserker,a,4,3,4.50,2,,
ArcherQueen,BlowdartGoblin,a,2,4,3.60,0,,
ArcherQueen,BombTower,b,6,5,8.50,1,,
ArcherQueen,Bomber,a,2,1,2.10,2,,
ArcherQueen,BossBandit,b,6,5,7.90,0,,
ArcherQueen,Bowler,b,9,4,10.83,0,,
ArcherQueen,BushGoblin,a,2,0,2.10,2,yes,
ArcherQueen,Cannon,b,3,5,4.10,2,,
ArcherQueen,DarkPrince,b,7,4,9.00,0,,
ArcherQueen,DarkWitch,a,5,2,5.70,3,,
ArcherQueen,DartBarrell,a,3,4,4.30,0,,
ArcherQueen,ElectroDragon,a,5,2,5.70,2,,
ArcherQueen,ElectroGiant,a,18,0,21.30,18,yes,b cannot target a
ArcherQueen,ElectroSpirit,a,1,0,0.90,1,yes,
ArcherQueen,ElectroWizard,a,4,2,4.50,1,,
ArcherQueen,EliteArcher,a,3,5,5.30,0,,
ArcherQueen,ElixirGolem,a,7,0,8.10,7,yes,b cannot target a
ArcherQueen,ElixirGolem2,a,4,0,4.50,4,yes,b cannot target a
ArcherQueen,ElixirGolem4,a,2,0,2.10,2,yes,b cannot target a
ArcherQueen,FireSpirits,a,1,0,0.90,1,yes,
ArcherQueen,Firecracker,a,2,1,3.10,1,,
ArcherQueen,FirespiritHut,a,4,3,5.00,0,,
ArcherQueen,Fisherman,a,4,0,4.50,4,yes,
ArcherQueen,Ghost,a,6,2,6.90,3,,
ArcherQueen,Giant,a,18,0,21.30,18,yes,b cannot target a
ArcherQueen,GiantBuffer,a,13,0,15.30,13,yes,b cannot target a
ArcherQueen,GiantSkeleton,b,7,4,9.10,0,,
ArcherQueen,GoblinDemolisher,b,5,6,6.10,1,,
ArcherQueen,GoblinGang,a,1,0,0.90,1,yes,
ArcherQueen,GoblinGiant,a,14,0,16.50,14,yes,b cannot target a
ArcherQueen,GoblinMachine,b,8,5,9.30,0,,
ArcherQueen,Goblins,a,1,0,0.90,1,yes,
ArcherQueen,Goblinstein,a,11,0,12.90,11,yes,b cannot target a
ArcherQueen,GoldenKnight,a,8,6,9.30,4,,
ArcherQueen,Golem,a,23,0,27.30,23,yes,b cannot target a
ArcherQueen,Golemite,a,5,0,5.70,5,yes,b cannot target a
ArcherQueen,Heal,a,1,0,0.90,1,yes,
ArcherQueen,HogRider,a,8,0,9.30,8,yes,b cannot target a
ArcherQueen,IceGolemite,a,6,0,6.90,6,yes,b cannot target a
ArcherQueen,IceSpirits,a,1,0,0.90,1,yes,
ArcherQueen,IceWizard,a,4,3,5.00,0,,
ArcherQueen,InfernoDragon,b,4,8,5.50,0,,
ArcherQueen,InfernoTower,b,2,8,4.00,2,,
ArcherQueen,KingTower,b,7,11,10.50,3,,
ArcherQueen,Knight,both,8,5,9.30,0,,they kill each other on the same tick
ArcherQueen,LavaHound,a,16,0,18.90,16,yes,b cannot target a
ArcherQueen,LavaPups,a,1,0,0.90,1,yes,
ArcherQueen,LittlePrince,a,4,4,5.00,0,,
ArcherQueen,MegaKnight,b,8,4,10.10,0,,
ArcherQueen,MegaMinion,a,4,1,4.50,4,,
ArcherQueen,MightyMiner,b,6,9,7.30,0,,
ArcherQueen,Miner,a,6,3,6.90,3,,
ArcherQueen,MiniPekka,b,4,2,5.50,0,,
ArcherQueen,MiniSparkys,a,3,1,3.30,1,,
ArcherQueen,MinionHorde,a,2,0,2.10,2,yes,
ArcherQueen,Minions,a,2,0,2.10,2,yes,
ArcherQueen,Monk,b,8,8,10.00,0,,
ArcherQueen,Mortar,a,7,3,14.60,0,,
ArcherQueen,MovingCannon,b,3,5,4.00,2,,
ArcherQueen,Musketeer,b,3,5,4.30,2,,
ArcherQueen,Musketeer_EV1,b,3,5,4.30,2,,
ArcherQueen,Pekka,b,7,2,8.17,0,,
ArcherQueen,Phoenix,a,5,2,5.70,3,,
ArcherQueen,Prince,b,6,3,7.10,0,,
ArcherQueen,PrincessTower,b,4,11,8.00,5,,
ArcherQueen,RageBarbarian,b,4,4,4.95,0,,
ArcherQueen,RamRider,a,8,0,9.30,8,yes,b cannot target a
ArcherQueen,RascalGirl,a,2,2,2.10,0,,
ArcherQueen,Rascals,a,9,4,10.50,4,,
ArcherQueen,Ronin,b,5,3,6.33,0,,
ArcherQueen,RoyalGiant,a,15,0,17.70,15,yes,b cannot target a
ArcherQueen,RoyalHogs,a,4,0,4.50,4,yes,b cannot target a
ArcherQueen,RoyalRecruits,a,5,2,5.70,3,,
ArcherQueen,SkeletonArmy,a,1,0,0.90,1,yes,
ArcherQueen,SkeletonDragons,a,3,1,3.30,2,,
ArcherQueen,SkeletonKing,b,9,5,11.50,0,,
ArcherQueen,SkeletonWarriors,a,3,1,3.30,2,,
ArcherQueen,Skeletons,a,1,0,0.90,1,yes,
ArcherQueen,SpearGoblins,a,1,0,0.90,1,yes,
ArcherQueen,Tesla,b,4,5,5.10,1,,
ArcherQueen,ThreeMusketeers,a,4,4,5.50,0,,
ArcherQueen,Valkyrie,b,8,4,9.70,0,,
ArcherQueen,Wallbreakers,a,2,0,2.10,2,yes,b cannot target a
ArcherQueen,Witch,a,4,5,5.00,0,,
ArcherQueen,WitchMother,a,3,4,3.80,0,,
ArcherQueen,Wizard,a,4,3,5.00,0,,
ArcherQueen,Wizard_EV1,b,4,4,5.20,1,,
ArcherQueen,Xbow,b,0,18,6.80,18,yes,
ArcherQueen,ZapMachine,b,2,1,3.00,0,,
ArcherQueen,goblinstein_doctor,a,4,3,5.00,0,,
Archer_EV1,Assassin,b,1,2,1.60,1,,
Archer_EV1,AxeMan,b,0,2,1.30,2,yes,
Archer_EV1,BabyDragon,b,0,2,2.70,2,yes,
Archer_EV1,Balloon,a,15,0,13.10,15,yes,b cannot target a
Archer_EV1,Barbarians,b,2,2,2.40,1,,
Archer_EV1,Barbarians_EV1,b,2,2,2.40,1,,
Archer_EV1,Bats,a,1,1,1.60,0,,
Archer_EV1,BattleHealer,b,2,2,3.60,1,,
Archer_EV1,BattleRam,a,9,0,8.10,9,yes,b cannot target a
Archer_EV1,Berserker,b,1,3,1.60,2,,
Archer_EV1,BlowdartGoblin,b,0,3,2.05,3,yes,
Archer_EV1,BombTower,b,0,2,3.10,2,yes,
Archer_EV1,Bomber,b,0,2,3.40,2,yes,
Archer_EV1,BossBandit,b,1,2,1.80,1,,
Archer_EV1,Bowler,b,1,2,4.50,1,,
Archer_EV1,BushGoblin,b,2,2,2.50,1,,
Archer_EV1,Cannon,b,0,2,1.10,2,yes,
Archer_EV1,DarkPrince,b,1,2,2.40,1,,
Archer_EV1,DarkWitch,b,0,1,0.55,1,yes,
Archer_EV1,DartBarrell,b,0,2,1.70,2,yes,
Archer_EV1,ElectroDragon,b,0,2,3.50,2,yes,
Archer_EV1,ElectroGiant,a,36,0,33.10,36,yes,b cannot target a
Archer_EV1,ElectroSpirit,a,2,1,3.80,0,,
Archer_EV1,ElectroWizard,b,0,3,4.80,3,yes,
Archer_EV1,EliteArcher,b,0,3,2.60,3,yes,
Archer_EV1,ElixirGolem,a,15,0,13.80,15,yes,b cannot target a
Archer_EV1,ElixirGolem2,a,7,0,6.60,7,yes,b cannot target a
Archer_EV1,ElixirGolem4,a,4,0,3.90,4,yes,b cannot target a
Archer_EV1,FireSpirits,a,2,1,3.80,0,,
Archer_EV1,Firecracker,a,3,2,8.20,0,,
Archer_EV1,FirespiritHut,b,0,2,2.90,2,yes,
Archer_EV1,Fisherman,b,2,2,2.50,1,,
Archer_EV1,Ghost,b,2,2,3.00,1,,
Archer_EV1,Giant,a,36,0,33.10,36,yes,b cannot target a
Archer_EV1,GiantBuffer,a,26,0,24.10,26,yes,b cannot target a
Archer_EV1,GiantSkeleton,b,2,2,2.30,1,,
Archer_EV1,GoblinDemolisher,b,0,2,1.70,2,yes,
Archer_EV1,GoblinGang,a,2,2,1.80,0,,
Archer_EV1,GoblinGiant,a,28,0,25.90,28,yes,b cannot target a
Archer_EV1,GoblinMachine,b,1,2,1.90,1,,
Archer_EV1,Goblins,a,2,2,1.80,0,,
Archer_EV1,Goblinstein,a,22,0,20.50,22,yes,b cannot target a
Archer_EV1,GoldenKnight,b,1,2,1.60,1,,
Archer_EV1,Golem,a,46,0,41.65,46,yes,b cannot target a
Archer_EV1,Golemite,a,10,0,8.75,10,yes,b cannot target a
Archer_EV1,Heal,a,2,1,3.80,0,,
Archer_EV1,HogRider,a,16,0,14.70,16,yes,b cannot target a
Archer_EV1,IceGolemite,a,12,0,11.05,12,yes,b cannot target a
Archer_EV1,IceSpirits,a,2,1,3.80,0,,
Archer_EV1,IceWizard,b,1,4,6.30,3,,
Archer_EV1,InfernoDragon,b,0,4,2.40,4,yes,
Archer_EV1,InfernoTower,b,0,4,2.40,4,yes,
Archer_EV1,KingTower,b,0,4,3.50,4,yes,
Archer_EV1,Knight,b,1,2,1.90,1,,
Archer_EV1,LavaHound,a,32,0,31.80,32,yes,b cannot target a
Archer_EV1,LavaPups,a,2,2,2.90,0,,
Archer_EV1,LittlePrince,b,0,3,3.20,3,yes,
Archer_EV1,MegaKnight,b,2,2,2.90,1,,
Archer_EV1,MegaMinion,b,0,1,1.10,1,yes,
Archer_EV1,MightyMiner,b,1,5,2.30,4,,
Archer_EV1,Miner,b,1,2,2.10,1,,
Archer_EV1,MiniPekka,b,0,1,1.10,1,yes,
Archer_EV1,MiniSparkys,b,2,3,5.80,2,,
Archer_EV1,MinionHorde,b,1,3,3.10,2,,
Archer_EV1,Minions,b,1,3,3.10,2,,
Archer_EV1,Monk,b,1,3,2.20,2,,
Archer_EV1,Mortar,b,0,2,8.40,2,yes,
Archer_EV1,MovingCannon,b,0,2,1.30,2,yes,
Archer_EV1,Musketeer,b,0,2,1.30,2,yes,
Archer_EV1,Musketeer_EV1,b,0,2,1.30,2,yes,
Archer_EV1,Pekka,b,0,1,1.30,1,yes,
Archer_EV1,Phoenix,b,0,2,1.40,2,yes,
Archer_EV1,Prince,b,0,1,0.90,1,yes,
Archer_EV1,PrincessTower,b,0,4,2.40,4,yes,
Archer_EV1,RageBarbarian,b,1,2,1.20,1,,
Archer_EV1,RamRider,a,16,0,14.70,16,yes,b cannot target a
Archer_EV1,RascalGirl,b,0,3,2.50,3,yes,
Archer_EV1,Rascals,b,2,2,2.60,1,,
Archer_EV1,Ronin,b,0,1,1.00,1,yes,
Archer_EV1,RoyalGiant,a,29,0,30.60,29,yes,b cannot target a
Archer_EV1,RoyalHogs,a,8,0,7.45,8,yes,b cannot target a
Archer_EV1,RoyalRecruits,b,2,3,3.40,1,,
Archer_EV1,SkeletonArmy,a,1,1,0.90,0,,
Archer_EV1,SkeletonDragons,b,2,3,5.60,2,,
Archer_EV1,SkeletonKing,b,2,2,2.90,1,,
Archer_EV1,SkeletonWarriors,b,1,3,2.50,2,,
Archer_EV1,Skeletons,a,1,1,0.90,0,,
Archer_EV1,SpearGoblins,b,1,4,5.90,3,,
Archer_EV1,Tesla,b,0,2,1.80,2,yes,
Archer_EV1,ThreeMusketeers,b,0,2,2.00,2,yes,
Archer_EV1,Valkyrie,b,2,2,2.90,1,,
Archer_EV1,Wallbreakers,a,3,0,2.70,3,yes,b cannot target a
Archer_EV1,Witch,b,0,3,2.60,3,yes,
Archer_EV1,WitchMother,b,0,3,2.70,3,yes,
Archer_EV1,Wizard,b,0,2,2.40,2,yes,
Archer_EV1,Wizard_EV1,b,0,2,2.40,2,yes,
Archer_EV1,Xbow,b,0,6,2.00,6,yes,
Archer_EV1,ZapMachine,b,0,1,3.00,1,yes,
Archer_EV1,goblinstein_doctor,b,0,3,4.90,3,yes,
Assassin,AxeMan,b,2,6,4.90,3,,
Assassin,BabyDragon,b,0,6,8.70,6,yes,a cannot target b
Assassin,Balloon,neither,0,0,0.00,0,,neither can target the other
Assassin,Barbarians,a,4,2,3.60,1,,
Assassin,Barbarians_EV1,a,4,2,3.60,1,,
Assassin,Bats,b,0,12,13.80,12,yes,a cannot target b
Assassin,BattleHealer,b,0,4,7.60,4,yes,a cannot target b
Assassin,BattleRam,a,5,0,4.60,5,yes,b cannot target a
Assassin,Berserker,a,5,8,4.63,0,,
Assassin,BlowdartGoblin,b,1,6,4.45,5,,
Assassin,BombTower,b,5,5,8.50,2,,
Assassin,Bomber,a,2,2,4.10,0,,
Assassin,BossBandit,b,4,4,4.00,0,,
Assassin,Bowler,b,7,4,9.50,1,,
Assassin,BushGoblin,a,2,1,1.63,1,,
Assassin,Cannon,b,1,5,4.10,4,,
Assassin,DarkPrince,b,5,4,5.20,0,,
Assassin,DarkWitch,b,2,3,3.15,1,,
Assassin,DartBarrell,b,0,6,6.10,6,yes,a cannot target b
Assassin,ElectroDragon,b,0,5,9.80,5,yes,a cannot target b
Assassin,ElectroGiant,a,21,0,20.90,21,yes,b cannot target a
Assassin,ElectroSpirit,a,2,1,2.77,0,,
Assassin,ElectroWizard,a,4,3,6.43,0,,
Assassin,EliteArcher,a,3,6,6.77,0,,
Assassin,ElixirGolem,a,9,0,8.63,9,yes,b cannot target a
Assassin,ElixirGolem2,a,4,0,3.63,4,yes,b cannot target a
Assassin,ElixirGolem4,a,2,0,1.63,2,yes,b cannot target a
Assassin,FireSpirits,a,2,1,2.77,0,,
Assassin,Firecracker,a,2,1,5.10,0,,
Assassin,FirespiritHut,a,4,4,6.77,0,,
Assassin,Fisherman,a,5,3,4.90,1,,
Assassin,Ghost,b,0,4,6.60,4,yes,a cannot target b
Assassin,Giant,a,21,0,20.90,21,yes,b cannot target a
Assassin,GiantBuffer,a,15,0,14.90,15,yes,b cannot target a
Assassin,GiantSkeleton,b,5,4,4.90,0,,
Assassin,GoblinDemolisher,b,2,5,5.00,3,,
Assassin,GoblinGang,a,2,1,1.60,1,,
Assassin,GoblinGiant,a,17,0,16.90,17,yes,b cannot target a
Assassin,GoblinMachine,b,4,4,4.30,1,,
Assassin,Goblins,a,2,1,1.60,1,,
Assassin,Goblinstein,a,13,0,12.90,13,yes,b cannot target a
Assassin,GoldenKnight,b,5,6,5.20,1,,
Assassin,Golem,a,27,0,26.60,27,yes,b cannot target a
Assassin,Golemite,a,6,0,5.60,6,yes,b cannot target a
Assassin,Heal,a,2,1,2.77,0,,
Assassin,HogRider,a,9,0,8.63,9,yes,b cannot target a
Assassin,IceGolemite,a,7,0,6.60,7,yes,b cannot target a
Assassin,IceSpirits,a,2,1,2.77,0,,
Assassin,IceWizard,a,4,4,6.77,0,,
Assassin,InfernoDragon,b,0,8,4.00,8,yes,a cannot target b
Assassin,InfernoTower,b,0,8,4.00,8,yes,
Assassin,KingTower,b,5,10,9.50,5,,
Assassin,Knight,b,5,5,5.50,1,,
Assassin,LavaHound,neither,0,0,0.00,0,,neither can target the other
Assassin,LavaPups,b,0,12,19.40,12,yes,a cannot target b
Assassin,LittlePrince,a,4,5,6.77,0,,
Assassin,MegaKnight,b,6,4,6.30,0,,
Assassin,MegaMinion,b,0,3,4.10,3,yes,a cannot target b
Assassin,MightyMiner,b,3,8,3.50,2,,
Assassin,Miner,b,6,5,6.00,1,,
Assassin,MiniPekka,b,3,2,2.70,0,,
Assassin,MiniSparkys,a,3,2,5.10,0,,
Assassin,MinionHorde,b,0,9,10.30,9,yes,a cannot target b
Assassin,Minions,b,0,9,10.30,9,yes,a cannot target b
Assassin,Monk,b,5,7,5.40,1,,
Assassin,Mortar,a,8,3,14.77,0,,
Assassin,MovingCannon,b,1,5,4.00,4,,
Assassin,Musketeer,b,1,5,4.30,4,,
Assassin,Musketeer_EV1,b,1,5,4.30,4,,
Assassin,Pekka,b,3,2,3.10,0,,
Assassin,Phoenix,b,0,5,4.40,5,yes,a cannot target b
Assassin,Prince,b,3,3,3.70,1,,
Assassin,PrincessTower,b,3,10,7.20,7,,
Assassin,RageBarbarian,b,3,4,2.83,1,,
Assassin,RamRider,a,10,0,9.63,10,yes,b cannot target a
Assassin,RascalGirl,a,2,4,4.43,0,,
Assassin,Rascals,b,7,5,7.10,0,,
Assassin,Ronin,b,3,3,3.80,0,,
Assassin,RoyalGiant,a,17,0,19.43,17,yes,b cannot target a
Assassin,RoyalHogs,a,5,0,4.60,5,yes,b cannot target a
Assassin,RoyalRecruits,a,5,4,5.17,0,,
Assassin,SkeletonArmy,a,1,0,0.60,1,yes,
Assassin,SkeletonDragons,b,0,6,11.60,6,yes,a cannot target b
Assassin,SkeletonKing,b,7,5,7.70,0,,
Assassin,SkeletonWarriors,a,3,3,3.17,0,,
Assassin,Skeletons,a,1,0,0.60,1,yes,
Assassin,SpearGoblins,a,1,2,3.43,0,,
Assassin,Tesla,b,2,5,5.10,3,,
Assassin,ThreeMusketeers,b,2,5,5.90,3,,
Assassin,Valkyrie,b,6,4,5.90,0,,
Assassin,Wallbreakers,a,2,0,1.60,2,yes,b cannot target a
Assassin,Witch,b,4,7,7.00,4,,
Assassin,WitchMother,a,3,6,5.77,0,,
Assassin,Wizard,b,2,4,5.20,2,,
Assassin,Wizard_EV1,b,2,4,5.20,2,,
Assassin,Xbow,b,0,16,6.00,16,yes,
Assassin,ZapMachine,b,0,1,3.00,1,yes,
Assassin,goblinstein_doctor,a,4,4,6.77,0,,
AxeMan,BabyDragon,a,7,3,5.80,2,,
AxeMan,Balloon,a,10,0,8.50,10,yes,b cannot target a
AxeMan,Barbarians,a,4,0,3.10,4,yes,
AxeMan,Barbarians_EV1,a,4,0,3.10,4,yes,
AxeMan,Bats,a,1,0,0.40,1,yes,
AxeMan,BattleHealer,a,11,3,9.40,5,,
AxeMan,BattleRam,a,6,0,4.90,6,yes,b cannot target a
AxeMan,Berserker,a,6,4,4.90,3,,
AxeMan,BlowdartGoblin,a,2,4,3.30,0,,
AxeMan,BombTower,a,8,4,8.20,0,,
AxeMan,Bomber,a,2,0,1.30,2,yes,
AxeMan,BossBandit,b,10,6,8.67,0,,
AxeMan,Bowler,a,12,4,10.30,3,,
AxeMan,BushGoblin,a,2,0,1.30,2,yes,
AxeMan,Cannon,a,5,5,5.00,0,,
AxeMan,DarkPrince,a,9,3,7.60,5,,
AxeMan,DarkWitch,a,6,2,4.90,4,,
AxeMan,DartBarrell,a,4,4,4.60,0,,
AxeMan,ElectroDragon,a,6,2,4.90,3,,
AxeMan,ElectroGiant,a,23,0,20.20,23,yes,b cannot target a
AxeMan,ElectroSpirit,a,2,1,1.30,1,,
AxeMan,ElectroWizard,a,4,2,3.60,1,,
AxeMan,EliteArcher,a,3,4,4.70,0,,
AxeMan,ElixirGolem,a,9,0,7.60,9,yes,b cannot target a
AxeMan,ElixirGolem2,a,5,0,4.00,5,yes,b cannot target a
AxeMan,ElixirGolem4,a,3,0,2.20,3,yes,b cannot target a
AxeMan,FireSpirits,a,2,1,1.30,1,,
AxeMan,Firecracker,a,2,1,2.80,1,,
AxeMan,FirespiritHut,a,5,3,5.00,0,,
AxeMan,Fisherman,a,5,0,4.00,5,yes,
AxeMan,Ghost,a,7,2,5.80,4,,
AxeMan,Giant,a,23,0,20.20,23,yes,b cannot target a
AxeMan,GiantBuffer,a,16,0,13.90,16,yes,b cannot target a
AxeMan,GiantSkeleton,b,11,5,9.90,0,,
AxeMan,GoblinDemolisher,both,8,7,7.20,0,,they kill each other on the same tick
AxeMan,GoblinGang,a,2,0,1.30,2,yes,
AxeMan,GoblinGiant,a,18,0,15.70,18,yes,b cannot target a
AxeMan,GoblinMachine,b,11,6,10.00,0,,
AxeMan,Goblins,a,2,0,1.30,2,yes,
AxeMan,Goblinstein,a,14,0,12.10,14,yes,b cannot target a
AxeMan,GoldenKnight,a,11,7,9.40,5,,
AxeMan,Golem,a,29,0,25.60,29,yes,b cannot target a
AxeMan,Golemite,a,6,0,4.90,6,yes,b cannot target a
AxeMan,Heal,a,2,1,1.30,1,,
AxeMan,HogRider,a,10,0,8.50,10,yes,b cannot target a
AxeMan,IceGolemite,a,8,0,6.70,8,yes,b cannot target a
AxeMan,IceSpirits,a,2,1,1.30,1,,
AxeMan,IceWizard,a,4,2,4.10,0,,
AxeMan,InfernoDragon,b,6,9,5.40,0,,
AxeMan,InfernoTower,b,3,8,4.00,2,,
AxeMan,KingTower,b,12,14,13.50,3,,
AxeMan,Knight,a,10,4,8.50,5,,
AxeMan,LavaHound,a,21,0,18.40,21,yes,b cannot target a
AxeMan,LavaPups,a,2,0,1.30,2,yes,
AxeMan,LittlePrince,a,4,3,4.10,0,,
AxeMan,MegaKnight,b,13,5,11.30,0,,
AxeMan,MegaMinion,a,5,1,4.00,5,,
AxeMan,MightyMiner,b,8,10,7.20,0,,
AxeMan,Miner,a,7,3,5.80,3,,
AxeMan,MiniPekka,b,6,2,5.17,0,,
AxeMan,MiniSparkys,a,3,1,2.20,2,,
AxeMan,MinionHorde,a,2,0,1.30,2,yes,
AxeMan,Minions,a,2,0,1.30,2,yes,
AxeMan,Monk,b,12,10,11.10,0,,
AxeMan,Mortar,a,8,3,13.70,0,,
AxeMan,MovingCannon,b,5,7,5.80,2,,
AxeMan,Musketeer,b,4,6,5.30,2,,
AxeMan,Musketeer_EV1,b,4,6,5.30,2,,
AxeMan,Pekka,b,8,2,7.50,0,,
AxeMan,Phoenix,a,6,2,4.90,4,,
AxeMan,Prince,b,9,4,8.00,0,,
AxeMan,PrincessTower,b,8,14,10.40,5,,
AxeMan,RageBarbarian,b,6,5,5.50,0,,
AxeMan,RamRider,a,10,0,8.50,10,yes,b cannot target a
AxeMan,RascalGirl,a,2,2,1.80,0,,
AxeMan,Rascals,a,11,4,9.40,5,,
AxeMan,Ronin,b,8,4,7.40,0,,
AxeMan,RoyalGiant,a,18,0,16.20,18,yes,b cannot target a
AxeMan,RoyalHogs,a,5,0,4.00,5,yes,b cannot target a
AxeMan,RoyalRecruits,a,6,1,4.90,4,,
AxeMan,SkeletonArmy,a,1,0,0.40,1,yes,
AxeMan,SkeletonDragons,a,4,1,3.10,3,,
AxeMan,SkeletonKing,a,13,5,11.20,5,,
AxeMan,SkeletonWarriors,a,3,0,2.20,3,yes,
AxeMan,Skeletons,a,1,0,0.40,1,yes,
AxeMan,SpearGoblins,a,1,0,0.90,1,yes,
AxeMan,Tesla,b,6,6,6.20,1,,
AxeMan,ThreeMusketeers,a,5,4,5.50,0,,
AxeMan,Valkyrie,a,11,4,9.40,5,,
AxeMan,Wallbreakers,a,2,0,1.30,2,yes,b cannot target a
AxeMan,Witch,a,5,5,5.00,0,,
AxeMan,WitchMother,a,3,3,3.20,0,,
AxeMan,Wizard,a,5,3,5.00,0,,
AxeMan,Wizard_EV1,b,6,5,6.60,1,,
AxeMan,Xbow,b,2,23,8.80,19,,
AxeMan,ZapMachine,b,3,1,3.00,0,,
AxeMan,goblinstein_doctor,a,5,3,5.00,0,,
BabyDragon,Balloon,a,10,0,14.70,10,yes,b cannot target a
BabyDragon,Barbarians,a,5,0,7.20,5,yes,b cannot target a
BabyDragon,Barbarians_EV1,a,5,0,7.20,5,yes,b cannot target a
BabyDragon,Bats,a,1,0,1.20,1,yes,
BabyDragon,BattleHealer,a,12,0,17.70,12,yes,b cannot target a
BabyDragon,BattleRam,a,6,0,8.70,6,yes,b cannot target a
BabyDragon,Berserker,a,6,0,8.70,6,yes,b cannot target a
BabyDragon,BlowdartGoblin,a,2,6,4.70,0,,
BabyDragon,BombTower,a,9,0,14.87,9,yes,b cannot target a
BabyDragon,Bomber,a,2,0,3.37,2,yes,b cannot target a
BabyDragon,BossBandit,a,16,0,23.70,16,yes,b cannot target a
BabyDragon,Bowler,a,13,0,19.53,13,yes,b cannot target a
BabyDragon,BushGoblin,a,3,0,4.20,3,yes,b cannot target a
BabyDragon,Cannon,a,5,0,8.53,5,yes,b cannot target a
BabyDragon,DarkPrince,a,10,0,14.70,10,yes,b cannot target a
BabyDragon,DarkWitch,a,6,0,8.70,6,yes,b cannot target a
BabyDragon,DartBarrell,b,3,7,7.20,3,,
BabyDragon,ElectroDragon,a,7,5,10.20,1,,
BabyDragon,ElectroGiant,a,24,0,35.70,24,yes,b cannot target a
BabyDragon,ElectroSpirit,a,2,1,2.70,0,,
BabyDragon,ElectroWizard,a,5,4,8.20,0,,
BabyDragon,EliteArcher,a,4,7,8.03,0,,
BabyDragon,ElixirGolem,a,10,0,14.70,10,yes,b cannot target a
BabyDragon,ElixirGolem2,a,5,0,7.20,5,yes,b cannot target a
BabyDragon,ElixirGolem4,a,3,0,4.20,3,yes,b cannot target a
BabyDragon,FireSpirits,a,2,1,2.70,0,,
BabyDragon,Firecracker,a,2,1,4.37,0,,
BabyDragon,FirespiritHut,a,5,5,8.53,0,,
BabyDragon,Fisherman,a,6,0,8.70,6,yes,b cannot target a
BabyDragon,Ghost,a,8,0,11.70,8,yes,b cannot target a
BabyDragon,Giant,a,24,0,35.70,24,yes,b cannot target a
BabyDragon,GiantBuffer,a,17,0,25.20,17,yes,b cannot target a
BabyDragon,GiantSkeleton,a,21,0,31.20,21,yes,b cannot target a
BabyDragon,GoblinDemolisher,a,8,0,12.70,8,yes,b cannot target a
BabyDragon,GoblinGang,a,2,0,2.70,2,yes,b cannot target a
BabyDragon,GoblinGiant,a,19,0,28.20,19,yes,b cannot target a
BabyDragon,GoblinMachine,a,14,0,20.70,14,yes,b cannot target a
BabyDragon,Goblins,a,2,0,2.70,2,yes,b cannot target a
BabyDragon,Goblinstein,a,15,0,22.20,15,yes,b cannot target a
BabyDragon,GoldenKnight,a,11,0,16.20,11,yes,b cannot target a
BabyDragon,Golem,a,31,0,46.20,31,yes,b cannot target a
BabyDragon,Golemite,a,7,0,10.20,7,yes,b cannot target a
BabyDragon,Heal,a,2,1,2.70,0,,
BabyDragon,HogRider,a,11,0,16.20,11,yes,b cannot target a
BabyDragon,IceGolemite,a,8,0,11.70,8,yes,b cannot target a
BabyDragon,IceSpirits,a,2,1,2.70,0,,
BabyDragon,IceWizard,a,5,5,8.53,0,,
BabyDragon,InfernoDragon,b,3,9,4.40,0,,
BabyDragon,InfernoTower,b,1,8,4.00,5,,
BabyDragon,KingTower,b,6,13,12.50,4,,
BabyDragon,Knight,a,11,0,16.20,11,yes,b cannot target a
BabyDragon,LavaHound,a,22,0,32.70,22,yes,b cannot target a
BabyDragon,LavaPups,a,2,1,2.70,1,,
BabyDragon,LittlePrince,a,5,7,8.53,0,,
BabyDragon,MegaKnight,a,24,0,35.70,24,yes,b cannot target a
BabyDragon,MegaMinion,a,5,3,7.20,2,,
BabyDragon,MightyMiner,a,14,0,20.70,14,yes,b cannot target a
BabyDragon,Miner,a,8,0,11.70,8,yes,b cannot target a
BabyDragon,MiniPekka,a,9,0,13.20,9,yes,b cannot target a
BabyDragon,MiniSparkys,a,4,3,6.37,0,,
BabyDragon,MinionHorde,a,2,2,2.70,1,,
BabyDragon,Minions,a,2,2,2.70,1,,
BabyDragon,Monk,a,14,0,20.70,14,yes,b cannot target a
BabyDragon,Mortar,a,9,0,18.53,9,yes,b cannot target a
BabyDragon,MovingCannon,a,11,0,17.53,11,yes,b cannot target a
BabyDragon,Musketeer,b,2,6,5.30,3,,
BabyDragon,Musketeer_EV1,b,2,6,5.30,3,,
BabyDragon,Pekka,a,23,0,34.20,23,yes,b cannot target a
BabyDragon,Phoenix,b,5,6,7.30,0,,
BabyDragon,Prince,a,12,0,17.70,12,yes,b cannot target a
BabyDragon,PrincessTower,b,4,13,9.60,5,,
BabyDragon,RageBarbarian,a,8,0,11.70,8,yes,b cannot target a
BabyDragon,RamRider,a,11,0,16.20,11,yes,b cannot target a
BabyDragon,RascalGirl,a,2,4,3.70,0,,
BabyDragon,Rascals,a,11,0,16.20,11,yes,b cannot target a
BabyDragon,Ronin,a,11,0,16.20,11,yes,b cannot target a
BabyDragon,RoyalGiant,a,19,0,29.20,19,yes,b cannot target a
BabyDragon,RoyalHogs,a,5,0,7.20,5,yes,b cannot target a
BabyDragon,RoyalRecruits,a,6,0,8.70,6,yes,b cannot target a
BabyDragon,SkeletonArmy,a,1,0,1.20,1,yes,b cannot target a
BabyDragon,SkeletonDragons,a,4,3,5.70,1,,
BabyDragon,SkeletonKing,a,14,0,20.70,14,yes,b cannot target a
BabyDragon,SkeletonWarriors,a,3,0,4.20,3,yes,b cannot target a
BabyDragon,Skeletons,a,1,0,1.20,1,yes,b cannot target a
BabyDragon,SpearGoblins,a,1,1,2.20,0,,
BabyDragon,Tesla,b,3,6,6.20,2,,
BabyDragon,ThreeMusketeers,b,3,6,7.20,2,,
BabyDragon,Valkyrie,a,12,0,17.70,12,yes,b cannot target a
BabyDragon,Wallbreakers,a,2,0,2.70,2,yes,b cannot target a
BabyDragon,Witch,a,5,8,8.53,0,,
BabyDragon,WitchMother,a,4,7,7.03,0,,
BabyDragon,Wizard,b,3,5,6.60,2,,
BabyDragon,Wizard_EV1,b,3,5,6.60,2,,
BabyDragon,Xbow,a,10,0,20.03,10,yes,b cannot target a
BabyDragon,ZapMachine,a,9,0,14.20,9,yes,b cannot target a
BabyDragon,goblinstein_doctor,a,5,5,8.53,0,,
Balloon,Barbarians,neither,0,0,0.00,0,,neither can target the other
Balloon,Barbarians_EV1,neither,0,0,0.00,0,,neither can target the other
Balloon,Bats,b,0,21,24.60,21,yes,a cannot target b
Balloon,BattleHealer,neither,0,0,0.00,0,,neither can target the other
Balloon,BattleRam,neither,0,0,0.00,0,,neither can target the other
Balloon,Berserker,neither,0,0,0.00,0,,neither can target the other
Balloon,BlowdartGoblin,b,0,12,9.25,12,yes,a cannot target b
Balloon,BombTower,a,3,0,11.70,3,yes,b cannot target a
Balloon,Bomber,neither,0,0,0.00,0,,neither can target the other
Balloon,BossBandit,neither,0,0,0.00,0,,neither can target the other
Balloon,Bowler,neither,0,0,0.00,0,,neither can target the other
Balloon,BushGoblin,neither,0,0,0.00,0,,neither can target the other
Balloon,Cannon,a,2,0,9.20,2,yes,b cannot target a
Balloon,DarkPrince,neither,0,0,0.00,0,,neither can target the other
Balloon,DarkWitch,neither,0,0,0.00,0,,neither can target the other
Balloon,DartBarrell,b,0,10,10.50,10,yes,a cannot target b
Balloon,ElectroDragon,b,0,9,18.20,9,yes,a cannot target b
Balloon,ElectroGiant,neither,0,0,0.00,0,,neither can target the other
Balloon,ElectroSpirit,stalemate,0,1,300.00,0,,a cannot target b; neither dies inside five minutes
Balloon,ElectroWizard,b,0,15,26.40,15,yes,a cannot target b
Balloon,EliteArcher,b,0,13,13.60,13,yes,a cannot target b
Balloon,ElixirGolem,neither,0,0,0.00,0,,neither can target the other
Balloon,ElixirGolem2,neither,0,0,0.00,0,,neither can target the other
Balloon,ElixirGolem4,neither,0,0,0.00,0,,neither can target the other
Balloon,FireSpirits,stalemate,0,1,300.00,0,,a cannot target b; neither dies inside five minutes
Balloon,Firecracker,b,0,27,80.35,27,yes,a cannot target b
Balloon,FirespiritHut,b,0,10,16.50,10,yes,a cannot target b
Balloon,Fisherman,neither,0,0,0.00,0,,neither can target the other
Balloon,Ghost,neither,0,0,0.00,0,,neither can target the other
Balloon,Giant,neither,0,0,0.00,0,,neither can target the other
Balloon,GiantBuffer,neither,0,0,0.00,0,,neither can target the other
Balloon,GiantSkeleton,neither,0,0,0.00,0,,neither can target the other
Balloon,GoblinDemolisher,neither,0,0,0.00,0,,neither can target the other
Balloon,GoblinGang,neither,0,0,0.00,0,,neither can target the other
Balloon,GoblinGiant,neither,0,0,0.00,0,,neither can target the other
Balloon,GoblinMachine,neither,0,0,0.00,0,,neither can target the other
Balloon,Goblins,neither,0,0,0.00,0,,neither can target the other
Balloon,Goblinstein,neither,0,0,0.00,0,,neither can target the other
Balloon,GoldenKnight,neither,0,0,0.00,0,,neither can target the other
Balloon,Golem,neither,0,0,0.00,0,,neither can target the other
Balloon,Golemite,neither,0,0,0.00,0,,neither can target the other
Balloon,Heal,stalemate,0,1,300.00,0,,a cannot target b; neither dies inside five minutes
Balloon,HogRider,neither,0,0,0.00,0,,neither can target the other
Balloon,IceGolemite,neither,0,0,0.00,0,,neither can target the other
Balloon,IceSpirits,stalemate,0,1,300.00,0,,a cannot target b; neither dies inside five minutes
Balloon,IceWizard,b,0,19,31.80,19,yes,a cannot target b
Balloon,InfernoDragon,b,0,10,4.80,10,yes,a cannot target b
Balloon,InfernoTower,b,0,8,4.00,8,yes,
Balloon,KingTower,b,5,19,18.50,9,,
Balloon,Knight,neither,0,0,0.00,0,,neither can target the other
Balloon,LavaHound,neither,0,0,0.00,0,,neither can target the other
Balloon,LavaPups,b,0,21,34.70,21,yes,a cannot target b
Balloon,LittlePrince,b,0,17,20.00,17,yes,a cannot target b
Balloon,MegaKnight,neither,0,0,0.00,0,,neither can target the other
Balloon,MegaMinion,b,0,6,8.60,6,yes,a cannot target b
Balloon,MightyMiner,neither,0,0,0.00,0,,neither can target the other
Balloon,Miner,neither,0,0,0.00,0,,neither can target the other
Balloon,MiniPekka,neither,0,0,0.00,0,,neither can target the other
Balloon,MiniSparkys,b,0,15,32.20,15,yes,a cannot target b
Balloon,MinionHorde,b,0,16,18.70,16,yes,a cannot target b
Balloon,Minions,b,0,16,18.70,16,yes,a cannot target b
Balloon,Monk,neither,0,0,0.00,0,,neither can target the other
Balloon,Mortar,a,3,0,17.20,3,yes,b cannot target a
Balloon,MovingCannon,neither,0,0,0.00,0,,neither can target the other
Balloon,Musketeer,b,0,8,7.30,8,yes,a cannot target b
Balloon,Musketeer_EV1,b,0,8,7.30,8,yes,a cannot target b
Balloon,Pekka,neither,0,0,0.00,0,,neither can target the other
Balloon,Phoenix,b,0,8,7.40,8,yes,a cannot target b
Balloon,Prince,neither,0,0,0.00,0,,neither can target the other
Balloon,PrincessTower,b,3,19,14.40,12,,
Balloon,RageBarbarian,neither,0,0,0.00,0,,neither can target the other
Balloon,RamRider,neither,0,0,0.00,0,,neither can target the other
Balloon,RascalGirl,b,0,14,13.50,14,yes,a cannot target b
Balloon,Rascals,neither,0,0,0.00,0,,neither can target the other
Balloon,Ronin,neither,0,0,0.00,0,,neither can target the other
Balloon,RoyalGiant,neither,0,0,0.00,0,,neither can target the other
Balloon,RoyalHogs,neither,0,0,0.00,0,,neither can target the other
Balloon,RoyalRecruits,neither,0,0,0.00,0,,neither can target the other
Balloon,SkeletonArmy,neither,0,0,0.00,0,,neither can target the other
Balloon,SkeletonDragons,b,0,12,23.60,12,yes,a cannot target b
Balloon,SkeletonKing,neither,0,0,0.00,0,,neither can target the other
Balloon,SkeletonWarriors,neither,0,0,0.00,0,,neither can target the other
Balloon,Skeletons,neither,0,0,0.00,0,,neither can target the other
Balloon,SpearGoblins,b,0,21,33.10,21,yes,a cannot target b
Balloon,Tesla,b,1,8,8.40,6,,
Balloon,ThreeMusketeers,b,0,9,11.10,9,yes,a cannot target b
Balloon,Valkyrie,neither,0,0,0.00,0,,neither can target the other
Balloon,Wallbreakers,neither,0,0,0.00,0,,neither can target the other
Balloon,Witch,b,0,13,13.60,13,yes,a cannot target b
Balloon,WitchMother,b,0,13,12.70,13,yes,a cannot target b
Balloon,Wizard,b,0,6,8.00,6,yes,a cannot target b
Balloon,Wizard_EV1,b,0,6,8.00,6,yes,a cannot target b
Balloon,Xbow,a,3,0,17.20,3,yes,b cannot target a
Balloon,ZapMachine,neither,0,0,0.00,0,,neither can target the other
Balloon,goblinstein_doctor,b,0,13,22.90,13,yes,a cannot target b
Barbarians,Barbarians_EV1,both,4,4,5.20,0,,they kill each other on the same tick
Barbarians,Bats,b,0,9,10.20,9,yes,a cannot target b
Barbarians,BattleHealer,b,0,3,5.60,3,yes,a cannot target b
Barbarians,BattleRam,a,6,0,8.00,6,yes,b cannot target a
Barbarians,Berserker,b,3,8,4.60,2,,
Barbarians,BlowdartGoblin,b,0,5,3.65,5,yes,
Barbarians,BombTower,b,1,4,6.70,3,,
Barbarians,Bomber,a,2,3,6.20,0,,
Barbarians,BossBandit,b,2,3,2.90,1,,
Barbarians,Bowler,b,2,3,7.00,1,,
Barbarians,BushGoblin,a,2,2,2.50,1,,
Barbarians,Cannon,b,0,4,3.10,4,yes,
Barbarians,DarkPrince,b,2,3,3.80,1,,
Barbarians,DarkWitch,b,1,3,3.15,2,,
Barbarians,DartBarrell,b,0,5,5.00,5,yes,a cannot target b
Barbarians,ElectroDragon,b,0,4,7.70,4,yes,a cannot target b
Barbarians,ElectroGiant,a,21,0,29.50,21,yes,b cannot target a
Barbarians,ElectroSpirit,a,2,1,4.20,0,,
Barbarians,ElectroWizard,a,4,5,9.50,0,,
Barbarians,EliteArcher,b,0,6,5.90,6,yes,
Barbarians,ElixirGolem,a,9,0,12.30,9,yes,b cannot target a
Barbarians,ElixirGolem2,a,4,0,5.30,4,yes,b cannot target a
Barbarians,ElixirGolem4,a,2,0,2.50,2,yes,b cannot target a
Barbarians,FireSpirits,a,2,1,4.20,0,,
Barbarians,Firecracker,a,2,2,7.70,0,,
Barbarians,FirespiritHut,b,1,4,6.30,3,,
Barbarians,Fisherman,b,3,4,5.10,1,,
Barbarians,Ghost,b,0,3,4.80,3,yes,a cannot target b
Barbarians,Giant,a,21,0,29.50,21,yes,b cannot target a
Barbarians,GiantBuffer,a,15,0,21.10,15,yes,b cannot target a
Barbarians,GiantSkeleton,b,2,3,3.60,1,,
Barbarians,GoblinDemolisher,b,0,4,3.90,4,yes,
Barbarians,GoblinGang,a,2,2,2.40,0,,
Barbarians,GoblinGiant,a,17,0,23.90,17,yes,b cannot target a
Barbarians,GoblinMachine,b,3,4,4.30,1,,
Barbarians,Goblins,a,2,2,2.40,0,,
Barbarians,Goblinstein,a,13,0,18.30,13,yes,b cannot target a
Barbarians,GoldenKnight,b,3,5,4.30,1,,
Barbarians,Golem,a,27,0,37.45,27,yes,b cannot target a
Barbarians,Golemite,a,6,0,8.00,6,yes,b cannot target a
Barbarians,Heal,a,2,1,4.20,0,,
Barbarians,HogRider,a,9,0,12.30,9,yes,b cannot target a
Barbarians,IceGolemite,a,7,0,9.45,7,yes,b cannot target a
Barbarians,IceSpirits,a,2,1,4.20,0,,
Barbarians,IceWizard,a,4,6,10.00,0,,
Barbarians,InfernoDragon,b,0,8,4.00,8,yes,a cannot target b
Barbarians,InfernoTower,b,0,6,3.20,6,yes,
Barbarians,KingTower,b,1,8,7.50,7,,
Barbarians,Knight,b,3,4,4.30,1,,
Barbarians,LavaHound,neither,0,0,0.00,0,,neither can target the other
Barbarians,LavaPups,b,0,9,14.30,9,yes,a cannot target b
Barbarians,LittlePrince,b,2,7,8.00,5,,
Barbarians,MegaKnight,b,3,3,4.60,1,,
Barbarians,MegaMinion,b,0,3,4.10,3,yes,a cannot target b
Barbarians,MightyMiner,b,1,7,3.10,3,,
Barbarians,Miner,b,3,4,4.70,1,,
Barbarians,MiniPekka,b,1,1,1.10,0,,
Barbarians,MiniSparkys,a,3,3,7.60,0,,
Barbarians,MinionHorde,b,0,7,7.90,7,yes,a cannot target b
Barbarians,Minions,b,0,7,7.90,7,yes,a cannot target b
Barbarians,Monk,b,3,6,4.60,2,,
Barbarians,Mortar,b,1,3,13.10,2,,
Barbarians,MovingCannon,b,0,4,3.10,4,yes,
Barbarians,Musketeer,b,0,4,3.30,4,yes,
Barbarians,Musketeer_EV1,b,0,4,3.30,4,yes,
Barbarians,Pekka,b,0,1,1.30,1,yes,
Barbarians,Phoenix,b,0,4,3.40,4,yes,a cannot target b
Barbarians,Prince,b,1,2,2.30,1,,
Barbarians,PrincessTower,b,0,8,5.60,8,yes,
Barbarians,RageBarbarian,b,1,3,2.00,1,,
Barbarians,RamRider,a,10,0,13.70,10,yes,b cannot target a
Barbarians,RascalGirl,b,1,6,5.50,5,,
Barbarians,Rascals,b,4,4,5.60,0,,
Barbarians,Ronin,b,1,2,2.40,1,,
Barbarians,RoyalGiant,a,17,0,27.70,17,yes,b cannot target a
Barbarians,RoyalHogs,a,5,0,6.65,5,yes,b cannot target a
Barbarians,RoyalRecruits,b,4,6,7.30,1,,
Barbarians,SkeletonArmy,a,1,1,1.00,0,,
Barbarians,SkeletonDragons,b,0,5,9.60,5,yes,a cannot target b
Barbarians,SkeletonKing,b,4,4,6.10,1,,
Barbarians,SkeletonWarriors,a,3,5,4.70,0,,
Barbarians,Skeletons,a,1,1,1.00,0,,
Barbarians,SpearGoblins,a,1,3,5.30,0,,
Barbarians,Tesla,b,0,4,4.00,4,yes,
Barbarians,ThreeMusketeers,b,0,4,4.60,4,yes,
Barbarians,Valkyrie,b,3,3,4.40,1,,
Barbarians,Wallbreakers,a,2,0,2.40,2,yes,b cannot target a
Barbarians,Witch,b,1,6,5.90,5,,
Barbarians,WitchMother,b,0,6,5.70,6,yes,
Barbarians,Wizard,b,0,3,3.80,3,yes,
Barbarians,Wizard_EV1,b,0,3,3.80,3,yes,
Barbarians,Xbow,b,0,13,4.80,13,yes,
Barbarians,ZapMachine,b,0,1,3.00,1,yes,
Barbarians,goblinstein_doctor,a,4,5,10.00,0,,
Barbarians_EV1,Bats,b,0,9,10.20,9,yes,a cannot target b
Barbarians_EV1,BattleHealer,b,0,3,5.60,3,yes,a cannot target b
Barbarians_EV1,BattleRam,a,6,0,8.00,6,yes,b cannot target a
Barbarians_EV1,Berserker,b,3,8,4.60,2,,
Barbarians_EV1,BlowdartGoblin,b,0,5,3.65,5,yes,
Barbarians_EV1,BombTower,b,1,4,6.70,3,,
Barbarians_EV1,Bomber,a,2,3,6.20,0,,
Barbarians_EV1,BossBandit,b,2,3,2.90,1,,
Barbarians_EV1,Bowler,b,2,3,7.00,1,,
Barbarians_EV1,BushGoblin,a,2,2,2.50,1,,
Barbarians_EV1,Cannon,b,0,4,3.10,4,yes,
Barbarians_EV1,DarkPrince,b,2,3,3.80,1,,
Barbarians_EV1,DarkWitch,b,1,3,3.15,2,,
Barbarians_EV1,DartBarrell,b,0,5,5.00,5,yes,a cannot target b
Barbarians_EV1,ElectroDragon,b,0,4,7.70,4,yes,a cannot target b
Barbarians_EV1,ElectroGiant,a,21,0,29.50,21,yes,b cannot target a
Barbarians_EV1,ElectroSpirit,a,2,1,4.20,0,,
Barbarians_EV1,ElectroWizard,a,4,5,9.50,0,,
Barbarians_EV1,EliteArcher,b,0,6,5.90,6,yes,
Barbarians_EV1,ElixirGolem,a,9,0,12.30,9,yes,b cannot target a
Barbarians_EV1,ElixirGolem2,a,4,0,5.30,4,yes,b cannot target a
Barbarians_EV1,ElixirGolem4,a,2,0,2.50,2,yes,b cannot target a
Barbarians_EV1,FireSpirits,a,2,1,4.20,0,,
Barbarians_EV1,Firecracker,a,2,2,7.70,0,,
Barbarians_EV1,FirespiritHut,b,1,4,6.30,3,,
Barbarians_EV1,Fisherman,b,3,4,5.10,1,,
Barbarians_EV1,Ghost,b,0,3,4.80,3,yes,a cannot target b
Barbarians_EV1,Giant,a,21,0,29.50,21,yes,b cannot target a
Barbarians_EV1,GiantBuffer,a,15,0,21.10,15,yes,b cannot target a
Barbarians_EV1,GiantSkeleton,b,2,3,3.60,1,,
Barbarians_EV1,GoblinDemolisher,b,0,4,3.90,4,yes,
Barbarians_EV1,GoblinGang,a,2,2,2.40,0,,
Barbarians_EV1,GoblinGiant,a,17,0,23.90,17,yes,b cannot target a
Barbarians_EV1,GoblinMachine,b,3,4,4.30,1,,
Barbarians_EV1,Goblins,a,2,2,2.40,0,,
Barbarians_EV1,Goblinstein,a,13,0,18.30,13,yes,b cannot target a
Barbarians_EV1,GoldenKnight,b,3,5,4.30,1,,
Barbarians_EV1,Golem,a,27,0,37.45,27,yes,b cannot target a
Barbarians_EV1,Golemite,a,6,0,8.00,6,yes,b cannot target a
Barbarians_EV1,Heal,a,2,1,4.20,0,,
Barbarians_EV1,HogRider,a,9,0,12.30,9,yes,b cannot target a
Barbarians_EV1,IceGolemite,a,7,0,9.45,7,yes,b cannot target a
Barbarians_EV1,IceSpirits,a,2,1,4.20,0,,
Barbarians_EV1,IceWizard,a,4,6,10.00,0,,
Barbarians_EV1,InfernoDragon,b,0,8,4.00,8,yes,a cannot target b
Barbarians_EV1,InfernoTower,b,0,6,3.20,6,yes,
Barbarians_EV1,KingTower,b,1,8,7.50,7,,
Barbarians_EV1,Knight,b,3,4,4.30,1,,
Barbarians_EV1,LavaHound,neither,0,0,0.00,0,,neither can target the other
Barbarians_EV1,LavaPups,b,0,9,14.30,9,yes,a cannot target b
Barbarians_EV1,LittlePrince,b,2,7,8.00,5,,
Barbarians_EV1,MegaKnight,b,3,3,4.60,1,,
Barbarians_EV1,MegaMinion,b,0,3,4.10,3,yes,a cannot target b
Barbarians_EV1,MightyMiner,b,1,7,3.10,3,,
Barbarians_EV1,Miner,b,3,4,4.70,1,,
Barbarians_EV1,MiniPekka,b,1,1,1.10,0,,
Barbarians_EV1,MiniSparkys,a,3,3,7.60,0,,
Barbarians_EV1,MinionHorde,b,0,7,7.90,7,yes,a cannot target b
Barbarians_EV1,Minions,b,0,7,7.90,7,yes,a cannot target b
Barbarians_EV1,Monk,b,3,6,4.60,2,,
Barbarians_EV1,Mortar,b,1,3,13.10,2,,
Barbarians_EV1,MovingCannon,b,0,4,3.10,4,yes,
Barbarians_EV1,Musketeer,b,0,4,3.30,4,yes,
Barbarians_EV1,Musketeer_EV1,b,0,4,3.30,4,yes,
Barbarians_EV1,Pekka,b,0,1,1.30,1,yes,
Barbarians_EV1,Phoenix,b,0,4,3.40,4,yes,a cannot target b
Barbarians_EV1,Prince,b,1,2,2.30,1,,
Barbarians_EV1,PrincessTower,b,0,8,5.60,8,yes,
Barbarians_EV1,RageBarbarian,b,1,3,2.00,1,,
Barbarians_EV1,RamRider,a,10,0,13.70,10,yes,b cannot target a
Barbarians_EV1,RascalGirl,b,1,6,5.50,5,,
Barbarians_EV1,Rascals,b,4,4,5.60,0,,
Barbarians_EV1,Ronin,b,1,2,2.40,1,,
Barbarians_EV1,RoyalGiant,a,17,0,27.70,17,yes,b cannot target a
Barbarians_EV1,RoyalHogs,a,5,0,6.65,5,yes,b cannot target a
Barbarians_EV1,RoyalRecruits,b,4,6,7.30,1,,
Barbarians_EV1,SkeletonArmy,a,1,1,1.00,0,,
Barbarians_EV1,SkeletonDragons,b,0,5,9.60,5,yes,a cannot target b
Barbarians_EV1,SkeletonKing,b,4,4,6.10,1,,
Barbarians_EV1,SkeletonWarriors,a,3,5,4.70,0,,
Barbarians_EV1,Skeletons,a,1,1,1.00,0,,
Barbarians_EV1,SpearGoblins,a,1,3,5.30,0,,
Barbarians_EV1,Tesla,b,0,4,4.00,4,yes,
Barbarians_EV1,ThreeMusketeers,b,0,4,4.60,4,yes,
Barbarians_EV1,Valkyrie,b,3,3,4.40,1,,
Barbarians_EV1,Wallbreakers,a,2,0,2.40,2,yes,b cannot target a
Barbarians_EV1,Witch,b,1,6,5.90,5,,
Barbarians_EV1,WitchMother,b,0,6,5.70,6,yes,
Barbarians_EV1,Wizard,b,0,3,3.80,3,yes,
Barbarians_EV1,Wizard_EV1,b,0,3,3.80,3,yes,
Barbarians_EV1,Xbow,b,0,13,4.80,13,yes,
Barbarians_EV1,ZapMachine,b,0,1,3.00,1,yes,
Barbarians_EV1,goblinstein_doctor,a,4,5,10.00,0,,
Bats,BattleHealer,a,24,0,28.40,24,yes,b cannot target a
Bats,BattleRam,a,12,0,13.80,12,yes,b cannot target a
Bats,Berserker,a,12,0,13.80,12,yes,b cannot target a
Bats,BlowdartGoblin,b,0,1,0.45,1,yes,
Bats,BombTower,a,17,0,22.20,17,yes,b cannot target a
Bats,Bomber,a,4,0,5.85,4,yes,b cannot target a
Bats,BossBandit,a,33,0,39.00,33,yes,b cannot target a
Bats,Bowler,a,26,0,32.00,26,yes,b cannot target a
Bats,BushGoblin,a,5,0,5.40,5,yes,b cannot target a
Bats,Cannon,a,11,0,14.75,11,yes,b cannot target a
Bats,DarkPrince,a,18,0,21.00,18,yes,b cannot target a
Bats,DarkWitch,a,12,0,14.00,12,yes,b cannot target a
Bats,DartBarrell,b,0,1,0.60,1,yes,
Bats,ElectroDragon,b,0,1,1.40,1,yes,
Bats,ElectroGiant,a,49,0,58.20,49,yes,b cannot target a
Bats,ElectroSpirit,b,0,1,0.10,1,yes,
Bats,ElectroWizard,b,0,1,1.20,1,yes,
Bats,EliteArcher,b,0,1,0.40,1,yes,
Bats,ElixirGolem,a,20,0,23.40,20,yes,b cannot target a
Bats,ElixirGolem2,a,10,0,11.40,10,yes,b cannot target a
Bats,ElixirGolem4,a,5,0,5.40,5,yes,b cannot target a
Bats,FireSpirits,b,0,1,0.10,1,yes,
Bats,Firecracker,b,2,2,5.35,1,,
Bats,FirespiritHut,b,0,1,1.20,1,yes,
Bats,Fisherman,a,11,0,12.60,11,yes,b cannot target a
Bats,Ghost,a,15,0,17.40,15,yes,b cannot target a
Bats,Giant,a,49,0,58.20,49,yes,b cannot target a
Bats,GiantBuffer,a,35,0,41.40,35,yes,b cannot target a
Bats,GiantSkeleton,a,42,0,49.80,42,yes,b cannot target a
Bats,GoblinDemolisher,a,17,0,21.70,17,yes,b cannot target a
Bats,GoblinGang,a,3,0,3.00,3,yes,b cannot target a
Bats,GoblinGiant,a,39,0,46.20,39,yes,b cannot target a
Bats,GoblinMachine,a,28,0,33.00,28,yes,b cannot target a
Bats,Goblins,a,3,0,3.00,3,yes,b cannot target a
Bats,Goblinstein,a,30,0,35.40,30,yes,b cannot target a
Bats,GoldenKnight,a,23,0,27.00,23,yes,b cannot target a
Bats,Golem,a,64,0,76.20,64,yes,b cannot target a
Bats,Golemite,a,13,0,15.00,13,yes,b cannot target a
Bats,Heal,b,0,1,0.10,1,yes,
Bats,HogRider,a,21,0,24.60,21,yes,b cannot target a
Bats,IceGolemite,a,17,0,19.80,17,yes,b cannot target a
Bats,IceSpirits,b,0,1,0.10,1,yes,
Bats,IceWizard,b,0,1,1.20,1,yes,
Bats,InfernoDragon,b,1,3,2.00,2,,
Bats,InfernoTower,b,0,2,1.60,2,yes,
Bats,KingTower,b,0,1,0.50,1,yes,
Bats,Knight,a,22,0,25.80,22,yes,b cannot target a
Bats,LavaHound,a,45,0,54.55,45,yes,b cannot target a
Bats,LavaPups,b,0,1,0.70,1,yes,
Bats,LittlePrince,b,0,1,0.80,1,yes,
Bats,MegaKnight,a,50,0,59.40,50,yes,b cannot target a
Bats,MegaMinion,b,1,1,1.10,0,,
Bats,MightyMiner,a,28,0,33.20,28,yes,b cannot target a
Bats,Miner,a,15,0,17.40,15,yes,b cannot target a
Bats,MiniPekka,a,18,0,21.00,18,yes,b cannot target a
Bats,MiniSparkys,b,0,1,1.40,1,yes,
Bats,MinionHorde,b,0,1,0.70,1,yes,
Bats,Minions,b,0,1,0.70,1,yes,
Bats,Monk,a,28,0,33.00,28,yes,b cannot target a
Bats,Mortar,a,17,0,24.95,17,yes,b cannot target a
Bats,MovingCannon,a,23,0,29.15,23,yes,b cannot target a
Bats,Musketeer,b,0,1,0.30,1,yes,
Bats,Musketeer_EV1,b,0,1,0.30,1,yes,
Bats,Pekka,a,47,0,55.80,47,yes,b cannot target a
Bats,Phoenix,b,0,1,0.40,1,yes,
Bats,Prince,a,24,0,28.40,24,yes,b cannot target a
Bats,PrincessTower,b,0,1,0.00,1,yes,
Bats,RageBarbarian,a,16,0,18.60,16,yes,b cannot target a
Bats,RamRider,a,22,0,25.80,22,yes,b cannot target a
Bats,RascalGirl,b,0,1,0.50,1,yes,
Bats,Rascals,a,23,0,27.00,23,yes,b cannot target a
Bats,Ronin,a,22,0,25.80,22,yes,b cannot target a
Bats,RoyalGiant,a,40,0,49.30,40,yes,b cannot target a
Bats,RoyalHogs,a,11,0,12.60,11,yes,b cannot target a
Bats,RoyalRecruits,a,10,0,11.60,10,yes,b cannot target a
Bats,SkeletonArmy,a,1,0,0.60,1,yes,b cannot target a
Bats,SkeletonDragons,b,0,1,1.60,1,yes,
Bats,SkeletonKing,a,29,0,34.20,29,yes,b cannot target a
Bats,SkeletonWarriors,a,5,0,5.60,5,yes,b cannot target a
Bats,Skeletons,a,1,0,0.60,1,yes,b cannot target a
Bats,SpearGoblins,b,0,1,1.10,1,yes,
Bats,Tesla,b,0,1,0.70,1,yes,
Bats,ThreeMusketeers,b,0,1,0.70,1,yes,
Bats,Valkyrie,a,24,0,28.20,24,yes,b cannot target a
Bats,Wallbreakers,a,5,0,5.40,5,yes,b cannot target a
Bats,Witch,b,0,1,0.40,1,yes,
Bats,WitchMother,b,0,1,0.70,1,yes,
Bats,Wizard,b,0,1,1.00,1,yes,
Bats,Wizard_EV1,b,0,1,1.00,1,yes,
Bats,Xbow,a,20,0,28.55,20,yes,b cannot target a
Bats,ZapMachine,a,18,0,22.90,18,yes,b cannot target a
Bats,goblinstein_doctor,b,0,1,1.30,1,yes,
BattleHealer,BattleRam,a,4,0,7.60,4,yes,b cannot target a
BattleHealer,Berserker,a,4,0,7.60,4,yes,b cannot target a
BattleHealer,BlowdartGoblin,a,1,8,6.50,0,,
BattleHealer,BombTower,a,6,0,16.00,6,yes,b cannot target a
BattleHealer,Bomber,a,2,0,6.50,2,yes,b cannot target a
BattleHealer,BossBandit,a,10,0,19.60,10,yes,b cannot target a
BattleHealer,Bowler,a,8,0,18.00,8,yes,b cannot target a
BattleHealer,BushGoblin,a,2,0,3.60,2,yes,b cannot target a
BattleHealer,Cannon,a,4,0,11.50,4,yes,b cannot target a
BattleHealer,DarkPrince,a,6,0,11.60,6,yes,b cannot target a
BattleHealer,DarkWitch,a,4,0,7.60,4,yes,b cannot target a
BattleHealer,DartBarrell,b,0,12,12.70,12,yes,a cannot target b
BattleHealer,ElectroDragon,b,0,10,20.30,10,yes,a cannot target b
BattleHealer,ElectroGiant,a,15,0,29.60,15,yes,b cannot target a
BattleHealer,ElectroSpirit,a,1,1,2.50,0,,
BattleHealer,ElectroWizard,a,3,5,9.00,0,,
BattleHealer,EliteArcher,a,2,8,9.00,0,,
BattleHealer,ElixirGolem,a,6,0,11.60,6,yes,b cannot target a
BattleHealer,ElixirGolem2,a,3,0,5.60,3,yes,b cannot target a
BattleHealer,ElixirGolem4,a,2,0,3.60,2,yes,b cannot target a
BattleHealer,FireSpirits,a,1,1,2.50,0,,
BattleHealer,Firecracker,a,2,2,8.00,0,,
BattleHealer,FirespiritHut,a,3,5,9.50,0,,
BattleHealer,Fisherman,a,4,0,7.60,4,yes,b cannot target a
BattleHealer,Ghost,neither,0,0,0.00,0,,neither can target the other
BattleHealer,Giant,a,15,0,29.60,15,yes,b cannot target a
BattleHealer,GiantBuffer,a,11,0,21.60,11,yes,b cannot target a
BattleHealer,GiantSkeleton,a,13,0,25.60,13,yes,b cannot target a
BattleHealer,GoblinDemolisher,a,5,0,13.00,5,yes,b cannot target a
BattleHealer,GoblinGang,a,1,0,1.60,1,yes,b cannot target a
BattleHealer,GoblinGiant,a,12,0,23.60,12,yes,b cannot target a
BattleHealer,GoblinMachine,a,9,0,17.60,9,yes,b cannot target a
BattleHealer,Goblins,a,1,0,1.60,1,yes,b cannot target a
BattleHealer,Goblinstein,a,9,0,17.60,9,yes,b cannot target a
BattleHealer,GoldenKnight,a,7,0,13.60,7,yes,b cannot target a
BattleHealer,Golem,a,20,0,39.60,20,yes,b cannot target a
BattleHealer,Golemite,a,4,0,7.60,4,yes,b cannot target a
BattleHealer,Heal,a,1,1,2.50,0,,
BattleHealer,HogRider,a,7,0,13.60,7,yes,b cannot target a
BattleHealer,IceGolemite,a,5,0,9.60,5,yes,b cannot target a
BattleHealer,IceSpirits,a,1,1,2.50,0,,
BattleHealer,IceWizard,a,3,5,9.50,0,,
BattleHealer,InfernoDragon,b,0,10,4.80,10,yes,a cannot target b
BattleHealer,InfernoTower,b,0,9,4.40,9,yes,
BattleHealer,KingTower,b,7,21,20.50,7,,
BattleHealer,Knight,a,7,0,13.60,7,yes,b cannot target a
BattleHealer,LavaHound,neither,0,0,0.00,0,,neither can target the other
BattleHealer,LavaPups,b,0,24,39.80,24,yes,a cannot target b
BattleHealer,LittlePrince,a,3,8,9.50,0,,
BattleHealer,MegaKnight,a,15,0,29.60,15,yes,b cannot target a
BattleHealer,MegaMinion,b,0,7,10.10,7,yes,a cannot target b
BattleHealer,MightyMiner,a,9,0,17.60,9,yes,b cannot target a
BattleHealer,Miner,a,5,0,9.60,5,yes,b cannot target a
BattleHealer,MiniPekka,a,6,0,11.60,6,yes,b cannot target a
BattleHealer,MiniSparkys,a,2,3,6.50,0,,
BattleHealer,MinionHorde,b,0,18,21.10,18,yes,a cannot target b
BattleHealer,Minions,b,0,18,21.10,18,yes,a cannot target b
BattleHealer,Monk,a,9,0,17.60,9,yes,b cannot target a
BattleHealer,Mortar,a,6,0,21.50,6,yes,b cannot target a
BattleHealer,MovingCannon,a,7,0,17.50,7,yes,b cannot target a
BattleHealer,Musketeer,b,2,9,8.30,6,,
BattleHealer,Musketeer_EV1,b,2,9,8.30,6,,
BattleHealer,Pekka,a,15,0,29.60,15,yes,b cannot target a
BattleHealer,Phoenix,b,0,9,8.40,9,yes,a cannot target b
BattleHealer,Prince,a,8,0,15.60,8,yes,b cannot target a
BattleHealer,PrincessTower,b,5,21,16.00,10,,
BattleHealer,RageBarbarian,a,5,0,9.60,5,yes,b cannot target a
BattleHealer,RamRider,a,7,0,13.60,7,yes,b cannot target a
BattleHealer,RascalGirl,a,1,5,5.00,0,,
BattleHealer,Rascals,a,7,0,13.60,7,yes,b cannot target a
BattleHealer,Ronin,a,7,0,13.60,7,yes,b cannot target a
BattleHealer,RoyalGiant,a,12,0,27.00,12,yes,b cannot target a
BattleHealer,RoyalHogs,a,4,0,7.60,4,yes,b cannot target a
BattleHealer,RoyalRecruits,a,4,0,7.60,4,yes,b cannot target a
BattleHealer,SkeletonArmy,a,1,0,1.60,1,yes,b cannot target a
BattleHealer,SkeletonDragons,b,0,13,25.60,13,yes,a cannot target b
BattleHealer,SkeletonKing,a,9,0,17.60,9,yes,b cannot target a
BattleHealer,SkeletonWarriors,a,2,0,3.60,2,yes,b cannot target a
BattleHealer,Skeletons,a,1,0,1.60,1,yes,b cannot target a
BattleHealer,SpearGoblins,a,1,3,5.00,0,,
BattleHealer,Tesla,b,3,9,9.50,5,,
BattleHealer,ThreeMusketeers,a,4,9,12.00,0,,
BattleHealer,Valkyrie,a,8,0,15.60,8,yes,b cannot target a
BattleHealer,Wallbreakers,a,2,0,3.60,2,yes,b cannot target a
BattleHealer,Witch,a,4,11,11.50,0,,
BattleHealer,WitchMother,a,2,7,7.50,0,,
BattleHealer,Wizard,b,2,7,9.40,4,,
BattleHealer,Wizard_EV1,b,2,7,9.40,4,,
BattleHealer,Xbow,a,6,0,21.50,6,yes,b cannot target a
BattleHealer,ZapMachine,a,6,0,15.00,6,yes,b cannot target a
BattleHealer,goblinstein_doctor,a,3,5,9.50,0,,
BattleRam,Berserker,b,0,10,5.80,10,yes,a cannot target b
BattleRam,BlowdartGoblin,b,0,7,5.25,7,yes,a cannot target b
BattleRam,BombTower,b,1,5,8.50,3,,
BattleRam,Bomber,b,0,5,8.80,5,yes,a cannot target b
BattleRam,BossBandit,b,0,4,4.00,4,yes,a cannot target b
BattleRam,Bowler,b,0,4,9.50,4,yes,a cannot target b
BattleRam,BushGoblin,b,0,4,5.30,4,yes,a cannot target b
BattleRam,Cannon,b,0,5,4.10,5,yes,
BattleRam,DarkPrince,b,0,4,5.20,4,yes,a cannot target b
BattleRam,DarkWitch,b,0,4,4.45,4,yes,a cannot target b
BattleRam,DartBarrell,b,0,6,6.10,6,yes,a cannot target b
BattleRam,ElectroDragon,b,0,6,11.90,6,yes,a cannot target b
BattleRam,ElectroGiant,neither,0,0,0.00,0,,neither can target the other
BattleRam,ElectroSpirit,stalemate,0,1,300.00,0,,a cannot target b; neither dies inside five minutes
BattleRam,ElectroWizard,b,0,9,15.60,9,yes,a cannot target b
BattleRam,EliteArcher,b,0,8,8.10,8,yes,a cannot target b
BattleRam,ElixirGolem,neither,0,0,0.00,0,,neither can target the other
BattleRam,ElixirGolem2,neither,0,0,0.00,0,,neither can target the other
BattleRam,ElixirGolem4,neither,0,0,0.00,0,,neither can target the other
BattleRam,FireSpirits,stalemate,0,1,300.00,0,,a cannot target b; neither dies inside five minutes
BattleRam,Firecracker,b,0,16,47.35,16,yes,a cannot target b
BattleRam,FirespiritHut,b,0,6,9.70,6,yes,a cannot target b
BattleRam,Fisherman,b,0,5,6.40,5,yes,a cannot target b
BattleRam,Ghost,b,0,4,6.60,4,yes,a cannot target b
BattleRam,Giant,neither,0,0,0.00,0,,neither can target the other
BattleRam,GiantBuffer,neither,0,0,0.00,0,,neither can target the other
BattleRam,GiantSkeleton,b,0,4,4.90,4,yes,a cannot target b
BattleRam,GoblinDemolisher,b,0,6,6.10,6,yes,a cannot target b
BattleRam,GoblinGang,b,0,8,8.20,8,yes,a cannot target b
BattleRam,GoblinGiant,neither,0,0,0.00,0,,neither can target the other
BattleRam,GoblinMachine,b,0,5,5.50,5,yes,a cannot target b
BattleRam,Goblins,b,0,8,8.20,8,yes,a cannot target b
BattleRam,Goblinstein,neither,0,0,0.00,0,,neither can target the other
BattleRam,GoldenKnight,b,0,7,6.10,7,yes,a cannot target b
BattleRam,Golem,neither,0,0,0.00,0,,neither can target the other
BattleRam,Golemite,neither,0,0,0.00,0,,neither can target the other
BattleRam,Heal,stalemate,0,1,300.00,0,,a cannot target b; neither dies inside five minutes
BattleRam,HogRider,neither,0,0,0.00,0,,neither can target the other
BattleRam,IceGolemite,neither,0,0,0.00,0,,neither can target the other
BattleRam,IceSpirits,stalemate,0,1,300.00,0,,a cannot target b; neither dies inside five minutes
BattleRam,IceWizard,b,0,11,18.20,11,yes,a cannot target b
BattleRam,InfernoDragon,b,0,8,4.00,8,yes,a cannot target b
BattleRam,InfernoTower,b,0,8,4.00,8,yes,
BattleRam,KingTower,b,1,11,10.50,7,,
BattleRam,Knight,b,0,5,5.50,5,yes,a cannot target b
BattleRam,LavaHound,neither,0,0,0.00,0,,neither can target the other
BattleRam,LavaPups,b,0,12,19.40,12,yes,a cannot target b
BattleRam,LittlePrince,b,0,10,11.60,10,yes,a cannot target b
BattleRam,MegaKnight,b,0,4,6.30,4,yes,a cannot target b
BattleRam,MegaMinion,b,0,4,5.60,4,yes,a cannot target b
BattleRam,MightyMiner,b,0,8,3.50,8,yes,a cannot target b
BattleRam,Miner,b,0,5,6.00,5,yes,a cannot target b
BattleRam,MiniPekka,b,0,2,2.70,2,yes,a cannot target b
BattleRam,MiniSparkys,b,0,9,19.00,9,yes,a cannot target b
BattleRam,MinionHorde,b,0,10,11.50,10,yes,a cannot target b
BattleRam,Minions,b,0,10,11.50,10,yes,a cannot target b
BattleRam,Monk,b,0,7,5.40,7,yes,a cannot target b
BattleRam,Mortar,b,1,4,17.80,2,,
BattleRam,MovingCannon,b,0,5,4.00,5,yes,a cannot target b
BattleRam,Musketeer,b,0,5,4.30,5,yes,a cannot target b
BattleRam,Musketeer_EV1,b,0,5,4.30,5,yes,a cannot target b
BattleRam,Pekka,b,0,2,3.10,2,yes,a cannot target b
BattleRam,Phoenix,b,0,5,4.40,5,yes,a cannot target b
BattleRam,Prince,b,0,3,3.70,3,yes,a cannot target b
BattleRam,PrincessTower,b,1,11,8.00,10,,
BattleRam,RageBarbarian,b,0,4,2.80,4,yes,a cannot target b
BattleRam,RamRider,neither,0,0,0.00,0,,neither can target the other
BattleRam,RascalGirl,b,0,8,7.50,8,yes,a cannot target b
BattleRam,Rascals,b,0,5,7.10,5,yes,a cannot target b
BattleRam,Ronin,b,0,3,3.80,3,yes,a cannot target b
BattleRam,RoyalGiant,neither,0,0,0.00,0,,neither can target the other
BattleRam,RoyalHogs,neither,0,0,0.00,0,,neither can target the other
BattleRam,RoyalRecruits,b,0,8,9.90,8,yes,a cannot target b
BattleRam,SkeletonArmy,b,0,12,12.70,12,yes,a cannot target b
BattleRam,SkeletonDragons,b,0,7,13.60,7,yes,a cannot target b
BattleRam,SkeletonKing,b,0,5,7.70,5,yes,a cannot target b
BattleRam,SkeletonWarriors,b,0,9,8.50,9,yes,a cannot target b
BattleRam,Skeletons,b,0,12,12.70,12,yes,a cannot target b
BattleRam,SpearGoblins,b,0,12,18.70,12,yes,a cannot target b
BattleRam,Tesla,b,0,5,5.10,5,yes,
BattleRam,ThreeMusketeers,b,0,5,5.90,5,yes,a cannot target b
BattleRam,Valkyrie,b,0,4,5.90,4,yes,a cannot target b
BattleRam,Wallbreakers,neither,0,0,0.00,0,,neither can target the other
BattleRam,Witch,b,0,8,8.10,8,yes,a cannot target b
BattleRam,WitchMother,b,0,8,7.70,8,yes,a cannot target b
BattleRam,Wizard,b,0,4,5.20,4,yes,a cannot target b
BattleRam,Wizard_EV1,b,0,4,5.20,4,yes,a cannot target b
BattleRam,Xbow,b,0,17,6.40,17,yes,
BattleRam,ZapMachine,b,0,1,3.00,1,yes,a cannot target b
BattleRam,goblinstein_doctor,b,0,8,13.90,8,yes,a cannot target b
Berserker,BlowdartGoblin,b,1,6,4.45,5,,
Berserker,BombTower,b,8,5,8.50,2,,
Berserker,Bomber,a,3,2,4.07,0,,
Berserker,BossBandit,b,7,4,4.00,0,,
Berserker,Bowler,b,12,4,9.50,1,,
Berserker,BushGoblin,a,4,1,2.20,2,,
Berserker,Cannon,b,1,5,4.10,4,,
Berserker,DarkPrince,b,8,4,5.20,0,,
Berserker,DarkWitch,b,4,3,3.15,1,,
Berserker,DartBarrell,b,0,6,6.10,6,yes,a cannot target b
Berserker,ElectroDragon,b,0,5,9.80,5,yes,a cannot target b
Berserker,ElectroGiant,a,39,0,23.47,39,yes,b cannot target a
Berserker,ElectroSpirit,a,3,1,2.73,0,,
Berserker,ElectroWizard,a,7,4,6.80,0,,
Berserker,EliteArcher,b,5,7,7.00,4,,
Berserker,ElixirGolem,a,16,0,9.40,16,yes,b cannot target a
Berserker,ElixirGolem2,a,8,0,4.60,8,yes,b cannot target a
Berserker,ElixirGolem4,a,4,0,2.20,4,yes,b cannot target a
Berserker,FireSpirits,a,3,1,2.73,0,,
Berserker,Firecracker,a,3,1,5.07,0,,
Berserker,FirespiritHut,a,8,4,7.73,0,,
Berserker,Fisherman,a,9,4,5.47,1,,
Berserker,Ghost,b,0,4,6.60,4,yes,a cannot target b
Berserker,Giant,a,39,0,23.47,39,yes,b cannot target a
Berserker,GiantBuffer,a,28,0,16.87,28,yes,b cannot target a
Berserker,GiantSkeleton,b,8,4,4.90,0,,
Berserker,GoblinDemolisher,b,4,5,5.00,3,,
Berserker,GoblinGang,a,2,1,1.00,1,,
Berserker,GoblinGiant,a,31,0,18.67,31,yes,b cannot target a
Berserker,GoblinMachine,b,7,4,4.30,0,,
Berserker,Goblins,a,2,1,1.00,1,,
Berserker,Goblinstein,a,24,0,14.47,24,yes,b cannot target a
Berserker,GoldenKnight,b,8,6,5.20,0,,
Berserker,Golem,a,51,0,30.40,51,yes,b cannot target a
Berserker,Golemite,a,11,0,6.40,11,yes,b cannot target a
Berserker,Heal,a,3,1,2.73,0,,
Berserker,HogRider,a,17,0,10.00,17,yes,b cannot target a
Berserker,IceGolemite,a,13,0,7.60,13,yes,b cannot target a
Berserker,IceSpirits,a,3,1,2.73,0,,
Berserker,IceWizard,a,7,4,7.13,0,,
Berserker,InfernoDragon,b,0,8,4.00,8,yes,a cannot target b
Berserker,InfernoTower,b,1,8,4.00,7,,
Berserker,KingTower,b,9,10,9.50,5,,
Berserker,Knight,b,9,5,5.50,0,,
Berserker,LavaHound,neither,0,0,0.00,0,,neither can target the other
Berserker,LavaPups,b,0,12,19.40,12,yes,a cannot target b
Berserker,LittlePrince,a,7,6,7.13,0,,
Berserker,MegaKnight,b,10,4,6.30,0,,
Berserker,MegaMinion,b,0,3,4.10,3,yes,a cannot target b
Berserker,MightyMiner,b,5,8,3.50,1,,
Berserker,Miner,b,9,5,6.00,0,,
Berserker,MiniPekka,b,4,2,2.70,0,,
Berserker,MiniSparkys,a,6,3,5.87,0,,
Berserker,MinionHorde,b,0,9,10.30,9,yes,a cannot target b
Berserker,Minions,b,0,9,10.30,9,yes,a cannot target b
Berserker,Monk,b,8,7,5.40,1,,
Berserker,Mortar,a,14,3,15.33,0,,
Berserker,MovingCannon,b,1,5,4.00,4,,
Berserker,Musketeer,b,1,5,4.30,4,,
Berserker,Musketeer_EV1,b,1,5,4.30,4,,
Berserker,Pekka,b,5,2,3.10,0,,
Berserker,Phoenix,b,0,5,4.40,5,yes,a cannot target b
Berserker,Prince,b,5,3,3.70,1,,
Berserker,PrincessTower,b,4,10,7.20,7,,
Berserker,RageBarbarian,b,5,4,2.85,0,,
Berserker,RamRider,a,18,0,10.60,18,yes,b cannot target a
Berserker,RascalGirl,a,3,4,4.40,0,,
Berserker,Rascals,b,12,5,7.10,0,,
Berserker,Ronin,b,6,3,3.80,0,,
Berserker,RoyalGiant,a,32,0,21.80,32,yes,b cannot target a
Berserker,RoyalHogs,a,9,0,5.20,9,yes,b cannot target a
Berserker,RoyalRecruits,a,9,4,5.73,0,,
Berserker,SkeletonArmy,a,1,0,0.40,1,yes,
Berserker,SkeletonDragons,b,0,6,11.60,6,yes,a cannot target b
Berserker,SkeletonKing,b,12,5,7.70,0,,
Berserker,SkeletonWarriors,a,4,3,2.73,0,,
Berserker,Skeletons,a,1,0,0.40,1,yes,
Berserker,SpearGoblins,a,2,2,3.80,0,,
Berserker,Tesla,b,3,5,5.10,3,,
Berserker,ThreeMusketeers,b,4,5,5.90,3,,
Berserker,Valkyrie,b,9,4,5.90,0,,
Berserker,Wallbreakers,a,4,0,2.20,4,yes,b cannot target a
Berserker,Witch,b,6,7,7.00,3,,
Berserker,WitchMother,a,6,6,6.53,0,,
Berserker,Wizard,b,3,4,5.20,2,,
Berserker,Wizard_EV1,b,3,4,5.20,2,,
Berserker,Xbow,b,0,16,6.00,16,yes,
Berserker,ZapMachine,b,0,1,3.00,1,yes,
Berserker,goblinstein_doctor,a,8,4,7.73,0,,
BlowdartGoblin,BombTower,a,9,0,6.85,9,yes,b is out-reached and cannot close
BlowdartGoblin,Bomber,a,3,0,2.05,3,yes,
BlowdartGoblin,BossBandit,b,7,2,5.60,0,,
BlowdartGoblin,Bowler,b,7,1,5.33,0,,
BlowdartGoblin,BushGoblin,a,3,0,2.05,3,yes,
BlowdartGoblin,Cannon,a,6,0,4.45,6,yes,b is out-reached and cannot close
BlowdartGoblin,DarkPrince,b,8,1,6.30,0,,
BlowdartGoblin,DarkWitch,a,6,0,4.45,6,yes,
BlowdartGoblin,DartBarrell,b,2,2,2.03,0,,
BlowdartGoblin,ElectroDragon,a,7,1,5.25,5,,
BlowdartGoblin,ElectroGiant,a,27,0,21.25,27,yes,b cannot target a
BlowdartGoblin,ElectroSpirit,a,2,0,1.25,2,yes,
BlowdartGoblin,ElectroWizard,a,5,1,3.65,3,,
BlowdartGoblin,EliteArcher,b,2,2,1.50,1,,
BlowdartGoblin,ElixirGolem,a,11,0,8.45,11,yes,b cannot target a
BlowdartGoblin,ElixirGolem2,a,6,0,4.45,6,yes,b cannot target a
BlowdartGoblin,ElixirGolem4,a,3,0,2.05,3,yes,b cannot target a
BlowdartGoblin,FireSpirits,a,2,0,1.25,2,yes,
BlowdartGoblin,Firecracker,a,3,0,2.05,3,yes,
BlowdartGoblin,FirespiritHut,a,5,1,3.65,3,,
BlowdartGoblin,Fisherman,a,6,0,4.45,6,yes,
BlowdartGoblin,Ghost,b,6,1,4.73,0,,
BlowdartGoblin,Giant,a,27,0,21.25,27,yes,b cannot target a
BlowdartGoblin,GiantBuffer,a,19,0,14.85,19,yes,b cannot target a
BlowdartGoblin,GiantSkeleton,b,8,1,6.70,0,,
BlowdartGoblin,GoblinDemolisher,b,4,2,3.20,0,,
BlowdartGoblin,GoblinGang,a,2,0,1.25,2,yes,
BlowdartGoblin,GoblinGiant,a,21,0,16.45,21,yes,b cannot target a
BlowdartGoblin,GoblinMachine,b,9,2,7.20,0,,
BlowdartGoblin,Goblins,a,2,0,1.25,2,yes,
BlowdartGoblin,Goblinstein,a,16,0,12.45,16,yes,b cannot target a
BlowdartGoblin,GoldenKnight,b,9,2,6.90,0,,
BlowdartGoblin,Golem,a,34,0,26.85,34,yes,b cannot target a
BlowdartGoblin,Golemite,a,7,0,5.25,7,yes,b cannot target a
BlowdartGoblin,Heal,a,2,0,1.25,2,yes,
BlowdartGoblin,HogRider,a,12,0,9.25,12,yes,b cannot target a
BlowdartGoblin,IceGolemite,a,9,0,6.85,9,yes,b cannot target a
BlowdartGoblin,IceSpirits,a,2,0,1.25,2,yes,
BlowdartGoblin,IceWizard,a,5,1,3.65,3,,
BlowdartGoblin,InfernoDragon,b,7,4,5.40,0,,
BlowdartGoblin,InfernoTower,a,12,0,9.25,12,yes,b is out-reached and cannot close
BlowdartGoblin,KingTower,b,3,3,2.50,1,,
BlowdartGoblin,Knight,b,9,2,7.20,0,,
BlowdartGoblin,LavaHound,a,24,0,18.85,24,yes,b cannot target a
BlowdartGoblin,LavaPups,a,2,0,1.25,2,yes,
BlowdartGoblin,LittlePrince,a,5,2,3.65,2,,
BlowdartGoblin,MegaKnight,b,8,1,6.50,0,,
BlowdartGoblin,MegaMinion,a,6,0,4.45,6,yes,
BlowdartGoblin,MightyMiner,b,9,5,7.20,0,,
BlowdartGoblin,Miner,b,7,2,5.63,0,,
BlowdartGoblin,MiniPekka,b,6,1,4.90,0,,
BlowdartGoblin,MiniSparkys,a,4,0,2.85,4,yes,
BlowdartGoblin,MinionHorde,a,2,0,1.25,2,yes,
BlowdartGoblin,Minions,a,2,0,1.25,2,yes,
BlowdartGoblin,Monk,b,8,2,6.70,0,,
BlowdartGoblin,Mortar,b,1,1,3.70,0,,
BlowdartGoblin,MovingCannon,b,3,2,2.30,0,,
BlowdartGoblin,Musketeer,b,2,2,1.80,0,,
BlowdartGoblin,Musketeer_EV1,b,2,2,1.80,0,,
BlowdartGoblin,Pekka,b,10,1,8.37,0,,
BlowdartGoblin,Phoenix,a,7,0,5.25,7,yes,
BlowdartGoblin,Prince,b,7,1,5.80,0,,
BlowdartGoblin,PrincessTower,b,1,3,1.60,2,,
BlowdartGoblin,RageBarbarian,b,5,2,4.10,0,,
BlowdartGoblin,RamRider,a,12,0,9.25,12,yes,b cannot target a
BlowdartGoblin,RascalGirl,a,2,0,1.25,2,yes,
BlowdartGoblin,Rascals,b,10,2,8.30,0,,
BlowdartGoblin,Ronin,b,6,1,4.53,0,,
BlowdartGoblin,RoyalGiant,a,21,0,16.45,21,yes,b cannot target a
BlowdartGoblin,RoyalHogs,a,6,0,4.45,6,yes,b cannot target a
BlowdartGoblin,RoyalRecruits,a,6,0,4.45,6,yes,
BlowdartGoblin,SkeletonArmy,a,1,0,0.45,1,yes,
BlowdartGoblin,SkeletonDragons,a,4,0,2.85,4,yes,
BlowdartGoblin,SkeletonKing,b,10,2,8.20,0,,
BlowdartGoblin,SkeletonWarriors,a,3,0,2.05,3,yes,
BlowdartGoblin,Skeletons,a,1,0,0.45,1,yes,
BlowdartGoblin,SpearGoblins,a,1,0,0.45,1,yes,
BlowdartGoblin,Tesla,a,8,0,6.05,8,yes,b is out-reached and cannot close
BlowdartGoblin,ThreeMusketeers,b,3,2,2.50,0,,
BlowdartGoblin,Valkyrie,b,8,1,6.70,0,,
BlowdartGoblin,Wallbreakers,a,3,0,2.05,3,yes,b cannot target a
BlowdartGoblin,Witch,b,3,2,2.50,0,,
BlowdartGoblin,WitchMother,b,3,2,2.70,0,,
BlowdartGoblin,Wizard,b,2,1,2.00,0,,
BlowdartGoblin,Wizard_EV1,b,2,1,2.00,0,,
BlowdartGoblin,Xbow,b,0,5,1.60,5,yes,
BlowdartGoblin,ZapMachine,b,6,1,5.00,0,,
BlowdartGoblin,goblinstein_doctor,a,5,1,3.65,3,,
BombTower,Bomber,a,2,1,3.10,2,,
BombTower,BossBandit,b,5,6,9.67,0,,
BombTower,Bowler,b,8,5,14.67,0,,
BombTower,BushGoblin,a,2,0,3.10,2,yes,
BombTower,Cannon,a,4,0,6.70,4,yes,b is out-reached and cannot close
BombTower,DarkPrince,b,7,6,12.80,0,,
BombTower,DarkWitch,a,5,3,8.50,3,,
BombTower,DartBarrell,b,0,8,8.30,8,yes,a cannot target b
BombTower,ElectroDragon,b,0,8,18.60,8,yes,a cannot target b
BombTower,ElectroGiant,b,12,9,21.60,0,,
BombTower,ElectroSpirit,a,1,0,1.30,1,yes,
BombTower,ElectroWizard,a,4,3,6.70,1,,
BombTower,EliteArcher,b,0,11,11.40,11,yes,a is out-reached and cannot close
BombTower,ElixirGolem,b,7,6,12.73,0,,
BombTower,ElixirGolem2,a,4,2,6.70,3,,
BombTower,ElixirGolem4,a,2,0,3.10,2,yes,
BombTower,FireSpirits,a,1,0,1.30,1,yes,
BombTower,Firecracker,a,2,1,3.10,1,,
BombTower,FirespiritHut,a,4,3,6.70,1,,
BombTower,Fisherman,a,4,1,6.70,3,,
BombTower,Ghost,b,0,6,13.40,6,yes,a cannot target b
BombTower,Giant,b,8,6,14.90,0,,
BombTower,GiantBuffer,b,10,9,17.80,0,,
BombTower,GiantSkeleton,b,6,5,11.40,0,,
BombTower,GoblinDemolisher,b,5,8,9.30,0,,
BombTower,GoblinGang,a,1,0,1.30,1,yes,
BombTower,GoblinGiant,b,9,8,16.00,0,,
BombTower,GoblinMachine,b,6,6,11.50,0,,
BombTower,Goblins,a,1,0,1.30,1,yes,
BombTower,Goblinstein,a,11,10,19.30,3,,
BombTower,GoldenKnight,b,7,9,12.70,0,,
BombTower,Golem,b,10,5,18.50,0,,
BombTower,Golemite,a,5,0,8.50,5,yes,
BombTower,Heal,a,1,0,1.30,1,yes,
BombTower,HogRider,b,5,5,10.00,0,,
BombTower,IceGolemite,a,6,1,10.30,5,,
BombTower,IceSpirits,a,1,0,1.30,1,yes,
BombTower,IceWizard,a,4,3,6.70,1,,
BombTower,InfernoDragon,b,0,9,6.90,9,yes,a cannot target b
BombTower,InfernoTower,b,2,8,4.00,1,,
BombTower,KingTower,b,0,15,14.50,15,yes,a is out-reached and cannot close
BombTower,Knight,b,7,7,12.70,0,,
BombTower,LavaHound,b,0,26,36.13,26,yes,a cannot target b
BombTower,LavaPups,b,0,17,32.30,17,yes,a cannot target b
BombTower,LittlePrince,a,4,5,6.70,1,,
BombTower,MegaKnight,b,8,6,14.50,0,,
BombTower,MegaMinion,b,0,5,11.50,5,yes,a cannot target b
BombTower,MightyMiner,b,5,10,8.70,0,,
BombTower,Miner,a,6,5,10.30,2,,
BombTower,MiniPekka,b,3,2,6.17,0,,
BombTower,MiniSparkys,a,3,1,4.90,1,,
BombTower,MinionHorde,b,0,13,17.43,13,yes,a cannot target b
BombTower,Minions,b,0,13,17.43,13,yes,a cannot target b
BombTower,Monk,b,7,10,12.60,0,,
BombTower,Mortar,b,0,6,27.20,6,yes,a is out-reached and cannot close
BombTower,MovingCannon,b,3,7,6.30,1,,
BombTower,Musketeer,b,3,7,6.30,1,,
BombTower,Musketeer_EV1,b,3,7,6.30,1,,
BombTower,Pekka,b,5,2,9.50,0,,
BombTower,Phoenix,b,0,7,10.80,7,yes,a cannot target b
BombTower,Prince,b,5,4,9.50,0,,
BombTower,PrincessTower,b,0,15,11.20,15,yes,a is out-reached and cannot close
BombTower,RageBarbarian,b,4,6,7.05,0,,
BombTower,RamRider,a,8,5,13.90,3,,
BombTower,RascalGirl,a,2,2,3.10,1,,
BombTower,Rascals,b,8,7,15.30,0,,
BombTower,Ronin,b,4,4,8.40,0,,
BombTower,RoyalGiant,b,5,5,9.43,0,,
BombTower,RoyalHogs,a,4,3,6.70,2,,
BombTower,RoyalRecruits,a,5,3,8.50,3,,
BombTower,SkeletonArmy,a,1,0,1.30,1,yes,
BombTower,SkeletonDragons,b,0,9,19.27,9,yes,a cannot target b
BombTower,SkeletonKing,b,9,7,15.70,0,,
BombTower,SkeletonWarriors,a,3,2,4.90,2,,
BombTower,Skeletons,a,1,0,1.30,1,yes,
BombTower,SpearGoblins,a,1,0,1.30,1,yes,
BombTower,Tesla,a,6,0,10.30,6,yes,b is out-reached and cannot close
BombTower,ThreeMusketeers,a,4,5,6.70,0,,
BombTower,Valkyrie,b,7,6,13.70,0,,
BombTower,Wallbreakers,a,2,0,3.10,2,yes,
BombTower,Witch,a,4,6,6.70,0,,
BombTower,WitchMother,a,3,4,4.90,0,,
BombTower,Wizard,a,4,4,6.70,1,,
BombTower,Wizard_EV1,b,4,5,7.10,0,,
BombTower,Xbow,b,0,24,9.20,24,yes,a is out-reached and cannot close
BombTower,ZapMachine,b,4,2,8.33,0,,
BombTower,goblinstein_doctor,a,4,3,6.70,1,,
Bomber,BossBandit,b,2,2,4.27,0,,
Bomber,Bowler,b,2,2,5.17,0,,
Bomber,BushGoblin,a,2,0,3.40,2,yes,
Bomber,Cannon,b,0,2,1.10,2,yes,
Bomber,DarkPrince,b,3,2,5.70,0,,
Bomber,DarkWitch,b,2,1,3.45,0,,
Bomber,DartBarrell,b,0,2,1.70,2,yes,a cannot target b
Bomber,ElectroDragon,b,0,2,4.50,2,yes,a cannot target b
Bomber,ElectroGiant,a,18,0,32.20,18,yes,b cannot target a
Bomber,ElectroSpirit,a,1,1,1.60,0,,
Bomber,ElectroWizard,b,2,3,4.80,1,,
Bomber,EliteArcher,b,0,3,2.60,3,yes,
Bomber,ElixirGolem,a,7,0,12.40,7,yes,b cannot target a
Bomber,ElixirGolem2,a,4,0,7.00,4,yes,b cannot target a
Bomber,ElixirGolem4,a,2,0,3.40,2,yes,b cannot target a
Bomber,FireSpirits,a,1,1,1.60,0,,
Bomber,Firecracker,a,2,1,4.90,0,,
Bomber,FirespiritHut,b,1,2,2.90,1,,
Bomber,Fisherman,b,3,2,5.80,0,,
Bomber,Ghost,b,0,2,5.20,2,yes,a cannot target b
Bomber,Giant,a,18,0,32.20,18,yes,b cannot target a
Bomber,GiantBuffer,a,13,0,23.20,13,yes,b cannot target a
Bomber,GiantSkeleton,b,3,2,6.00,0,,
Bomber,GoblinDemolisher,b,0,2,1.70,2,yes,
Bomber,GoblinGang,a,1,0,1.60,1,yes,
Bomber,GoblinGiant,a,14,0,25.00,14,yes,b cannot target a
Bomber,GoblinMachine,b,3,2,5.20,0,,
Bomber,Goblins,a,1,0,1.60,1,yes,
Bomber,Goblinstein,a,11,0,19.60,11,yes,b cannot target a
Bomber,GoldenKnight,b,2,2,4.90,0,,
Bomber,Golem,a,23,0,41.20,23,yes,b cannot target a
Bomber,Golemite,a,5,0,8.80,5,yes,b cannot target a
Bomber,Heal,a,1,1,1.60,0,,
Bomber,HogRider,a,8,0,14.20,8,yes,b cannot target a
Bomber,IceGolemite,a,6,0,10.60,6,yes,b cannot target a
Bomber,IceSpirits,a,1,1,1.60,0,,
Bomber,IceWizard,b,3,4,6.30,1,,
Bomber,InfernoDragon,b,0,4,3.40,4,yes,a cannot target b
Bomber,InfernoTower,b,0,4,2.40,4,yes,
Bomber,KingTower,b,0,4,3.50,4,yes,
Bomber,Knight,b,3,2,5.20,0,,
Bomber,LavaHound,neither,0,0,0.00,0,,neither can target the other
Bomber,LavaPups,b,0,4,8.70,4,yes,a cannot target b
Bomber,LittlePrince,b,1,3,3.20,2,,
Bomber,MegaKnight,b,3,2,6.20,0,,
Bomber,MegaMinion,b,0,1,4.00,1,yes,a cannot target b
Bomber,MightyMiner,b,3,5,5.20,0,,
Bomber,Miner,b,2,2,4.30,0,,
Bomber,MiniPekka,b,2,1,3.57,0,,
Bomber,MiniSparkys,a,3,2,5.20,0,,
Bomber,MinionHorde,b,0,3,4.43,3,yes,a cannot target b
Bomber,Minions,b,0,3,4.43,3,yes,a cannot target b
Bomber,Monk,b,3,3,5.50,0,,
Bomber,Mortar,b,0,2,8.40,2,yes,
Bomber,MovingCannon,b,0,2,1.30,2,yes,
Bomber,Musketeer,b,0,2,1.30,2,yes,
Bomber,Musketeer_EV1,b,0,2,1.30,2,yes,
Bomber,Pekka,b,3,1,5.70,0,,
Bomber,Phoenix,b,0,2,4.30,2,yes,a cannot target b
Bomber,Prince,b,2,1,3.80,0,,
Bomber,PrincessTower,b,0,4,2.40,4,yes,
Bomber,RageBarbarian,b,1,2,3.10,0,,
Bomber,RamRider,a,8,0,14.20,8,yes,b cannot target a
Bomber,RascalGirl,b,1,3,2.50,2,,
Bomber,Rascals,b,3,2,6.30,0,,
Bomber,Ronin,b,1,1,3.20,0,,
Bomber,RoyalGiant,a,15,0,27.30,15,yes,b cannot target a
Bomber,RoyalHogs,a,4,0,7.00,4,yes,b cannot target a
Bomber,RoyalRecruits,b,3,3,6.30,0,,
Bomber,SkeletonArmy,a,1,0,1.60,1,yes,
Bomber,SkeletonDragons,b,0,3,6.27,3,yes,a cannot target b
Bomber,SkeletonKing,b,3,2,6.20,0,,
Bomber,SkeletonWarriors,b,2,3,4.43,0,,
Bomber,Skeletons,a,1,0,1.60,1,yes,
Bomber,SpearGoblins,a,1,1,2.10,0,,
Bomber,Tesla,b,0,2,1.80,2,yes,
Bomber,ThreeMusketeers,b,0,2,2.00,2,yes,
Bomber,Valkyrie,b,3,2,6.20,0,,
Bomber,Wallbreakers,a,2,0,3.40,2,yes,b cannot target a
Bomber,Witch,b,1,3,2.60,2,,
Bomber,WitchMother,b,1,3,2.70,2,,
Bomber,Wizard,b,0,2,2.40,2,yes,
Bomber,Wizard_EV1,b,0,2,2.40,2,yes,
Bomber,Xbow,b,0,6,2.00,6,yes,
Bomber,ZapMachine,b,1,1,3.00,0,,
Bomber,goblinstein_doctor,b,2,3,4.90,1,,
BossBandit,Bowler,a,9,4,11.63,0,,
BossBandit,BushGoblin,a,2,1,1.80,1,,
BossBandit,Cannon,a,4,8,7.13,0,,
BossBandit,DarkPrince,a,6,4,6.47,1,,
BossBandit,DarkWitch,a,4,4,4.53,0,,
BossBandit,DartBarrell,b,0,16,17.10,16,yes,a cannot target b
BossBandit,ElectroDragon,b,0,14,28.70,14,yes,a cannot target b
BossBandit,ElectroGiant,a,17,0,18.57,17,yes,b cannot target a
BossBandit,ElectroSpirit,a,1,1,1.83,0,,
BossBandit,ElectroWizard,a,3,3,5.70,0,,
BossBandit,EliteArcher,a,3,7,7.03,0,,
BossBandit,ElixirGolem,a,7,0,7.30,7,yes,b cannot target a
BossBandit,ElixirGolem2,a,4,0,4.00,4,yes,b cannot target a
BossBandit,ElixirGolem4,a,2,0,1.80,2,yes,b cannot target a
BossBandit,FireSpirits,a,1,1,1.83,0,,
BossBandit,Firecracker,a,2,1,5.27,0,,
BossBandit,FirespiritHut,a,3,3,6.03,0,,
BossBandit,Fisherman,a,4,3,4.27,1,,
BossBandit,Ghost,b,0,11,19.20,11,yes,a cannot target b
BossBandit,Giant,a,17,0,18.57,17,yes,b cannot target a
BossBandit,GiantBuffer,a,12,0,13.07,12,yes,b cannot target a
BossBandit,GiantSkeleton,b,11,10,12.70,0,,
BossBandit,GoblinDemolisher,a,6,8,9.00,0,,
BossBandit,GoblinGang,a,1,1,0.70,0,,
BossBandit,GoblinGiant,a,13,0,14.17,13,yes,b cannot target a
BossBandit,GoblinMachine,a,10,9,10.87,0,,
BossBandit,Goblins,a,1,1,0.70,0,,
BossBandit,Goblinstein,a,10,0,10.87,10,yes,b cannot target a
BossBandit,GoldenKnight,a,8,9,8.67,0,,
BossBandit,Golem,a,21,0,22.70,21,yes,b cannot target a
BossBandit,Golemite,a,5,0,5.10,5,yes,b cannot target a
BossBandit,Heal,a,1,1,1.83,0,,
BossBandit,HogRider,a,7,0,7.30,7,yes,b cannot target a
BossBandit,IceGolemite,a,6,0,6.20,6,yes,b cannot target a
BossBandit,IceSpirits,a,1,1,1.83,0,,
BossBandit,IceWizard,a,3,3,6.03,0,,
BossBandit,InfernoDragon,b,0,12,5.60,12,yes,a cannot target b
BossBandit,InfernoTower,b,1,10,4.80,8,,
BossBandit,KingTower,a,18,24,23.53,0,,
BossBandit,Knight,a,8,7,8.67,0,,
BossBandit,LavaHound,neither,0,0,0.00,0,,neither can target the other
BossBandit,LavaPups,b,0,33,55.10,33,yes,a cannot target b
BossBandit,LittlePrince,a,3,5,6.03,0,,
BossBandit,MegaKnight,b,15,10,16.50,0,,
BossBandit,MegaMinion,b,0,9,13.10,9,yes,a cannot target b
BossBandit,MightyMiner,b,4,13,5.50,2,,
BossBandit,Miner,a,5,4,5.37,0,,
BossBandit,MiniPekka,b,5,4,5.90,0,,
BossBandit,MiniSparkys,a,3,2,5.37,0,,
BossBandit,MinionHorde,b,0,25,29.50,25,yes,a cannot target b
BossBandit,Minions,b,0,25,29.50,25,yes,a cannot target b
BossBandit,Monk,a,10,13,10.87,0,,
BossBandit,Mortar,a,6,3,13.33,0,,
BossBandit,MovingCannon,b,7,13,11.20,4,,
BossBandit,Musketeer,a,3,7,6.37,0,,
BossBandit,Musketeer_EV1,a,3,7,6.37,0,,
BossBandit,Pekka,b,6,4,6.70,0,,
BossBandit,Phoenix,b,0,13,12.40,13,yes,a cannot target b
BossBandit,Prince,a,8,6,8.93,0,,
BossBandit,PrincessTower,a,11,21,16.17,0,,
BossBandit,RageBarbarian,a,6,8,6.20,0,,
BossBandit,RamRider,a,8,0,8.40,8,yes,b cannot target a
BossBandit,RascalGirl,a,2,5,4.60,0,,
BossBandit,Rascals,a,8,5,8.40,1,,
BossBandit,Ronin,a,8,6,8.67,1,,
BossBandit,RoyalGiant,a,13,0,16.70,13,yes,b cannot target a
BossBandit,RoyalHogs,a,4,0,4.00,4,yes,b cannot target a
BossBandit,RoyalRecruits,a,4,3,4.53,0,,
BossBandit,SkeletonArmy,a,1,0,0.70,1,yes,
BossBandit,SkeletonDragons,b,0,18,35.60,18,yes,a cannot target b
BossBandit,SkeletonKing,a,10,6,10.87,1,,
BossBandit,SkeletonWarriors,a,3,3,3.43,0,,
BossBandit,Skeletons,a,1,0,0.70,1,yes,
BossBandit,SpearGoblins,a,1,2,3.50,0,,
BossBandit,Tesla,a,5,7,8.23,0,,
BossBandit,ThreeMusketeers,a,4,6,7.47,0,,
BossBandit,Valkyrie,a,8,5,8.67,1,,
BossBandit,Wallbreakers,a,2,0,1.80,2,yes,b cannot target a
BossBandit,Witch,a,4,7,7.13,0,,
BossBandit,WitchMother,a,3,6,6.03,0,,
BossBandit,Wizard,a,4,5,7.13,0,,
BossBandit,Wizard_EV1,a,5,6,8.23,0,,
BossBandit,Xbow,a,7,37,14.43,0,,
BossBandit,ZapMachine,b,4,2,7.00,1,,
BossBandit,goblinstein_doctor,a,3,3,6.03,0,,
Bowler,BushGoblin,a,2,1,4.50,1,,
Bowler,Cannon,a,3,9,9.00,0,,
Bowler,DarkPrince,b,5,8,13.60,0,,
Bowler,DarkWitch,a,4,6,9.50,1,,
Bowler,DartBarrell,b,0,13,13.80,13,yes,a cannot target b
Bowler,ElectroDragon,b,0,11,22.90,11,yes,a cannot target b
Bowler,ElectroGiant,a,14,0,34.50,14,yes,b cannot target a
Bowler,ElectroSpirit,a,1,1,2.00,0,,
Bowler,ElectroWizard,a,3,4,8.33,0,,
Bowler,EliteArcher,a,2,8,8.50,0,,
Bowler,ElixirGolem,a,6,0,14.50,6,yes,b cannot target a
Bowler,ElixirGolem2,a,3,0,7.00,3,yes,b cannot target a
Bowler,ElixirGolem4,a,2,0,4.50,2,yes,b cannot target a
Bowler,FireSpirits,a,1,1,2.00,0,,
Bowler,Firecracker,a,2,2,7.17,0,,
Bowler,FirespiritHut,a,3,5,9.00,0,,
Bowler,Fisherman,a,4,5,9.50,1,,
Bowler,Ghost,b,0,8,15.67,8,yes,a cannot target b
Bowler,Giant,a,14,0,34.50,14,yes,b cannot target a
Bowler,GiantBuffer,a,10,0,24.50,10,yes,b cannot target a
Bowler,GiantSkeleton,b,5,8,13.30,0,,
Bowler,GoblinDemolisher,b,4,12,12.70,3,,
Bowler,GoblinGang,a,1,0,2.00,1,yes,
Bowler,GoblinGiant,a,11,0,27.00,11,yes,b cannot target a
Bowler,GoblinMachine,b,5,9,13.10,0,,
Bowler,Goblins,a,1,0,2.00,1,yes,
Bowler,Goblinstein,a,9,0,22.00,9,yes,b cannot target a
Bowler,GoldenKnight,b,5,13,14.30,0,,
Bowler,Golem,a,18,0,44.50,18,yes,b cannot target a
Bowler,Golemite,a,4,0,9.50,4,yes,b cannot target a
Bowler,Heal,a,1,1,2.00,0,,
Bowler,HogRider,a,6,0,14.50,6,yes,b cannot target a
Bowler,IceGolemite,a,5,0,12.00,5,yes,b cannot target a
Bowler,IceSpirits,a,1,1,2.00,0,,
Bowler,IceWizard,a,3,5,9.00,0,,
Bowler,InfernoDragon,b,0,11,5.70,11,yes,a cannot target b
Bowler,InfernoTower,b,0,9,4.40,9,yes,
Bowler,KingTower,b,7,23,22.50,6,,
Bowler,Knight,b,6,11,15.50,0,,
Bowler,LavaHound,neither,0,0,0.00,0,,neither can target the other
Bowler,LavaPups,b,0,26,45.60,26,yes,a cannot target b
Bowler,LittlePrince,a,3,7,9.00,0,,
Bowler,MegaKnight,b,6,8,15.90,0,,
Bowler,MegaMinion,b,0,7,12.50,7,yes,a cannot target b
Bowler,MightyMiner,b,3,12,7.50,0,,
Bowler,Miner,a,5,8,12.00,1,,
Bowler,MiniPekka,b,2,3,6.43,0,,
Bowler,MiniSparkys,a,2,2,5.17,0,,
Bowler,MinionHorde,b,0,20,24.50,20,yes,a cannot target b
Bowler,Minions,b,0,20,24.50,20,yes,a cannot target b
Bowler,Monk,b,6,15,14.60,0,,
Bowler,Mortar,a,5,4,22.00,0,,
Bowler,MovingCannon,b,2,10,8.50,4,,
Bowler,Musketeer,b,2,10,9.30,5,,
Bowler,Musketeer_EV1,b,2,10,9.30,5,,
Bowler,Pekka,b,3,3,8.63,0,,
Bowler,Phoenix,b,0,10,11.80,10,yes,a cannot target b
Bowler,Prince,b,4,6,10.30,0,,
Bowler,PrincessTower,b,5,23,17.60,9,,
Bowler,RageBarbarian,b,3,9,8.45,0,,
Bowler,RamRider,a,7,0,17.00,7,yes,b cannot target a
Bowler,RascalGirl,a,1,3,3.33,0,,
Bowler,Rascals,a,7,9,17.00,1,,
Bowler,Ronin,b,4,6,9.87,0,,
Bowler,RoyalGiant,a,11,0,28.33,11,yes,b cannot target a
Bowler,RoyalHogs,a,3,0,7.00,3,yes,b cannot target a
Bowler,RoyalRecruits,a,3,3,7.00,1,,
Bowler,SkeletonArmy,a,1,0,2.00,1,yes,
Bowler,SkeletonDragons,b,0,14,27.93,14,yes,a cannot target b
Bowler,SkeletonKing,a,8,10,19.50,1,,
Bowler,SkeletonWarriors,a,2,3,4.50,1,,
Bowler,Skeletons,a,1,0,2.00,1,yes,
Bowler,SpearGoblins,a,1,2,3.33,0,,
Bowler,Tesla,b,3,10,10.60,3,,
Bowler,ThreeMusketeers,a,4,9,12.17,0,,
Bowler,Valkyrie,b,6,8,14.70,0,,
Bowler,Wallbreakers,a,2,0,4.50,2,yes,b cannot target a
Bowler,Witch,a,3,8,9.00,0,,
Bowler,WitchMother,a,2,6,6.50,0,,
Bowler,Wizard,a,3,6,9.00,0,,
Bowler,Wizard_EV1,b,3,8,10.80,3,,
Bowler,Xbow,b,1,36,14.00,30,,
Bowler,ZapMachine,b,2,2,7.00,1,,
Bowler,goblinstein_doctor,a,3,5,9.00,0,,
BushGoblin,Cannon,b,0,2,1.10,2,yes,
BushGoblin,DarkPrince,b,1,2,2.40,1,,
BushGoblin,DarkWitch,b,0,2,1.85,2,yes,
BushGoblin,DartBarrell,b,0,2,1.70,2,yes,a cannot target b
BushGoblin,ElectroDragon,b,0,2,3.50,2,yes,a cannot target b
BushGoblin,ElectroGiant,a,16,0,22.50,16,yes,b cannot target a
BushGoblin,ElectroSpirit,a,1,1,2.80,0,,
BushGoblin,ElectroWizard,b,0,3,4.80,3,yes,
BushGoblin,EliteArcher,b,0,3,2.60,3,yes,
BushGoblin,ElixirGolem,a,7,0,9.50,7,yes,b cannot target a
BushGoblin,ElixirGolem2,a,3,0,3.90,3,yes,b cannot target a
BushGoblin,ElixirGolem4,a,2,0,2.50,2,yes,b cannot target a
BushGoblin,FireSpirits,a,1,1,2.80,0,,
BushGoblin,Firecracker,a,2,2,7.70,0,,
BushGoblin,FirespiritHut,b,0,2,2.90,2,yes,
BushGoblin,Fisherman,b,1,2,2.50,1,,
BushGoblin,Ghost,b,0,2,3.00,2,yes,a cannot target b
BushGoblin,Giant,a,16,0,22.50,16,yes,b cannot target a
BushGoblin,GiantBuffer,a,11,0,15.50,11,yes,b cannot target a
BushGoblin,GiantSkeleton,b,1,2,2.30,1,,
BushGoblin,GoblinDemolisher,b,0,2,1.70,2,yes,
BushGoblin,GoblinGang,a,1,1,1.10,0,,
BushGoblin,GoblinGiant,a,13,0,18.30,13,yes,b cannot target a
BushGoblin,GoblinMachine,b,1,2,1.90,1,,
BushGoblin,Goblins,a,1,1,1.10,0,,
BushGoblin,Goblinstein,a,10,0,14.10,10,yes,b cannot target a
BushGoblin,GoldenKnight,b,1,3,2.50,1,,
BushGoblin,Golem,a,20,0,27.70,20,yes,b cannot target a
BushGoblin,Golemite,a,5,0,6.70,5,yes,b cannot target a
BushGoblin,Heal,a,1,1,2.80,0,,
BushGoblin,HogRider,a,7,0,9.50,7,yes,b cannot target a
BushGoblin,IceGolemite,a,6,0,8.10,6,yes,b cannot target a
BushGoblin,IceSpirits,a,1,1,2.80,0,,
BushGoblin,IceWizard,b,1,4,6.30,3,,
BushGoblin,InfernoDragon,b,0,5,2.80,5,yes,a cannot target b
BushGoblin,InfernoTower,b,0,4,2.40,4,yes,
BushGoblin,KingTower,b,0,4,3.50,4,yes,
BushGoblin,Knight,b,1,2,1.90,1,,
BushGoblin,LavaHound,neither,0,0,0.00,0,,neither can target the other
BushGoblin,LavaPups,b,0,5,7.50,5,yes,a cannot target b
BushGoblin,LittlePrince,b,0,4,4.40,4,yes,
BushGoblin,MegaKnight,b,2,2,2.90,1,,
BushGoblin,MegaMinion,b,0,2,2.60,2,yes,a cannot target b
BushGoblin,MightyMiner,b,1,5,2.30,3,,
BushGoblin,Miner,b,1,2,2.10,1,,
BushGoblin,MiniPekka,b,1,1,1.10,0,,
BushGoblin,MiniSparkys,b,1,3,5.80,2,,
BushGoblin,MinionHorde,b,0,4,4.30,4,yes,a cannot target b
BushGoblin,Minions,b,0,4,4.30,4,yes,a cannot target b
BushGoblin,Monk,b,1,3,2.20,2,,
BushGoblin,Mortar,b,0,2,8.40,2,yes,
BushGoblin,MovingCannon,b,0,2,1.30,2,yes,
BushGoblin,Musketeer,b,0,2,1.30,2,yes,
BushGoblin,Musketeer_EV1,b,0,2,1.30,2,yes,
BushGoblin,Pekka,b,0,1,1.30,1,yes,
BushGoblin,Phoenix,b,0,2,1.40,2,yes,a cannot target b
BushGoblin,Prince,b,0,1,0.90,1,yes,
BushGoblin,PrincessTower,b,0,4,2.40,4,yes,
BushGoblin,RageBarbarian,b,1,2,1.25,1,,
BushGoblin,RamRider,a,7,0,9.50,7,yes,b cannot target a
BushGoblin,RascalGirl,b,0,3,2.50,3,yes,
BushGoblin,Rascals,b,2,2,2.60,0,,
BushGoblin,Ronin,b,0,1,1.00,1,yes,
BushGoblin,RoyalGiant,a,13,0,22.10,13,yes,b cannot target a
BushGoblin,RoyalHogs,a,4,0,5.30,4,yes,b cannot target a
BushGoblin,RoyalRecruits,b,2,3,3.40,1,,
BushGoblin,SkeletonArmy,a,1,1,1.10,0,,
BushGoblin,SkeletonDragons,b,0,3,5.60,3,yes,a cannot target b
BushGoblin,SkeletonKing,b,2,2,2.90,1,,
BushGoblin,SkeletonWarriors,b,1,3,2.50,2,,
BushGoblin,Skeletons,a,1,1,1.10,0,,
BushGoblin,SpearGoblins,a,1,3,5.30,0,,
BushGoblin,Tesla,b,0,2,1.80,2,yes,
BushGoblin,ThreeMusketeers,b,0,2,2.00,2,yes,
BushGoblin,Valkyrie,b,2,2,2.90,1,,
BushGoblin,Wallbreakers,a,2,0,2.50,2,yes,b cannot target a
BushGoblin,Witch,b,0,3,2.60,3,yes,
BushGoblin,WitchMother,b,0,3,2.70,3,yes,
BushGoblin,Wizard,b,0,2,2.40,2,yes,
BushGoblin,Wizard_EV1,b,0,2,2.40,2,yes,
BushGoblin,Xbow,b,0,6,2.00,6,yes,
BushGoblin,ZapMachine,b,0,1,3.00,1,yes,
BushGoblin,goblinstein_doctor,b,0,3,4.90,3,yes,
Cannon,DarkPrince,a,8,2,7.10,6,,
Cannon,DarkWitch,a,5,0,4.10,5,yes,
Cannon,DartBarrell,b,0,5,5.00,5,yes,a cannot target b
Cannon,ElectroDragon,b,0,5,11.80,5,yes,a cannot target b
Cannon,ElectroGiant,b,16,6,15.53,0,,
Cannon,ElectroSpirit,a,2,0,1.10,2,yes,
Cannon,ElectroWizard,a,4,1,3.10,2,,
Cannon,EliteArcher,b,0,7,7.00,7,yes,a is out-reached and cannot close
Cannon,ElixirGolem,a,8,1,7.10,7,,
Cannon,ElixirGolem2,a,4,0,3.10,4,yes,
Cannon,ElixirGolem4,a,2,0,1.10,2,yes,
Cannon,FireSpirits,a,2,0,1.10,2,yes,
Cannon,Firecracker,b,0,13,38.35,13,yes,a is out-reached and cannot close
Cannon,FirespiritHut,a,4,2,3.10,2,,
Cannon,Fisherman,a,5,0,4.10,5,yes,
Cannon,Ghost,b,0,4,9.47,4,yes,a cannot target b
Cannon,Giant,b,12,4,11.23,0,,
Cannon,GiantBuffer,b,13,6,12.80,0,,
Cannon,GiantSkeleton,b,9,3,8.30,0,,
Cannon,GoblinDemolisher,b,6,5,5.50,0,,
Cannon,GoblinGang,a,1,0,0.10,1,yes,
Cannon,GoblinGiant,b,11,5,11.00,0,,
Cannon,GoblinMachine,b,9,4,8.60,0,,
Cannon,Goblins,a,1,0,0.10,1,yes,
Cannon,Goblinstein,a,12,5,11.10,5,,
Cannon,GoldenKnight,a,9,4,8.10,5,,
Cannon,Golem,b,13,3,12.83,0,,
Cannon,Golemite,a,6,0,5.10,6,yes,
Cannon,Heal,a,2,0,1.10,2,yes,
Cannon,HogRider,b,7,3,6.55,0,,
Cannon,IceGolemite,a,7,0,6.10,7,yes,
Cannon,IceSpirits,a,2,0,1.10,2,yes,
Cannon,IceWizard,a,4,2,3.10,2,,
Cannon,InfernoDragon,b,0,8,6.00,8,yes,a cannot target b
Cannon,InfernoTower,b,0,7,3.60,7,yes,a is out-reached and cannot close
Cannon,KingTower,b,0,9,8.50,9,yes,a is out-reached and cannot close
Cannon,Knight,a,9,3,8.10,5,,
Cannon,LavaHound,b,0,16,22.47,16,yes,a cannot target b
Cannon,LavaPups,b,0,11,21.60,11,yes,a cannot target b
Cannon,LittlePrince,a,4,2,3.10,1,,
Cannon,MegaKnight,b,11,4,10.60,0,,
Cannon,MegaMinion,b,0,3,8.00,3,yes,a cannot target b
Cannon,MightyMiner,b,8,8,7.40,0,,
Cannon,Miner,a,6,2,5.10,4,,
Cannon,MiniPekka,b,6,2,5.83,0,,
Cannon,MiniSparkys,a,3,0,2.10,3,yes,
Cannon,MinionHorde,b,0,8,11.10,8,yes,a cannot target b
Cannon,Minions,b,0,8,11.10,8,yes,a cannot target b
Cannon,Monk,b,9,6,8.90,0,,
Cannon,Mortar,b,0,4,17.80,4,yes,a is out-reached and cannot close
Cannon,MovingCannon,b,4,4,3.10,0,,
Cannon,Musketeer,b,0,4,3.30,4,yes,a is out-reached and cannot close
Cannon,Musketeer_EV1,b,0,4,3.30,4,yes,a is out-reached and cannot close
Cannon,Pekka,b,7,1,7.03,0,,
Cannon,Phoenix,b,0,4,7.30,4,yes,a cannot target b
Cannon,Prince,b,8,3,7.60,0,,
Cannon,PrincessTower,b,0,9,6.40,9,yes,a is out-reached and cannot close
Cannon,RageBarbarian,b,6,4,5.20,0,,
Cannon,RamRider,a,9,2,8.10,6,,
Cannon,RascalGirl,a,2,1,1.10,1,,
Cannon,Rascals,a,10,3,9.10,6,,
Cannon,Ronin,b,7,3,6.67,0,,
Cannon,RoyalGiant,b,6,3,5.17,0,,
Cannon,RoyalHogs,a,5,1,4.10,4,,
Cannon,RoyalRecruits,a,5,0,4.10,5,yes,
Cannon,SkeletonArmy,a,1,0,0.10,1,yes,
Cannon,SkeletonDragons,b,0,6,12.93,6,yes,a cannot target b
Cannon,SkeletonKing,a,12,4,11.10,6,,
Cannon,SkeletonWarriors,a,3,0,2.10,3,yes,
Cannon,Skeletons,a,1,0,0.10,1,yes,
Cannon,SpearGoblins,a,1,0,0.10,1,yes,
Cannon,Tesla,b,4,4,4.00,0,,
Cannon,ThreeMusketeers,b,0,5,5.90,5,yes,a is out-reached and cannot close
Cannon,Valkyrie,a,10,3,9.10,6,,
Cannon,Wallbreakers,a,2,0,1.10,2,yes,
Cannon,Witch,a,5,4,4.10,1,,
Cannon,WitchMother,a,3,2,2.10,1,,
Cannon,Wizard,a,4,2,3.10,1,,
Cannon,Wizard_EV1,b,4,3,3.80,0,,
Cannon,Xbow,b,0,15,5.60,15,yes,a is out-reached and cannot close
Cannon,ZapMachine,b,4,1,3.67,0,,
Cannon,goblinstein_doctor,a,4,2,3.10,2,,
DarkPrince,DarkWitch,a,4,4,5.60,0,,
DarkPrince,DartBarrell,b,0,10,10.50,10,yes,a cannot target b
DarkPrince,ElectroDragon,b,0,9,18.20,9,yes,a cannot target b
DarkPrince,ElectroGiant,a,15,0,20.60,15,yes,b cannot target a
DarkPrince,ElectroSpirit,a,1,1,2.30,0,,
DarkPrince,ElectroWizard,a,3,4,7.60,0,,
DarkPrince,EliteArcher,a,2,8,8.20,0,,
DarkPrince,ElixirGolem,a,6,0,8.00,6,yes,b cannot target a
DarkPrince,ElixirGolem2,a,3,0,3.80,3,yes,b cannot target a
DarkPrince,ElixirGolem4,a,2,0,2.40,2,yes,b cannot target a
DarkPrince,FireSpirits,a,1,1,2.30,0,,
DarkPrince,Firecracker,a,2,2,7.20,0,,
DarkPrince,FirespiritHut,a,3,5,8.10,0,,
DarkPrince,Fisherman,a,4,4,5.20,1,,
DarkPrince,Ghost,b,0,6,10.20,6,yes,a cannot target b
DarkPrince,Giant,a,15,0,20.60,15,yes,b cannot target a
DarkPrince,GiantBuffer,a,11,0,15.00,11,yes,b cannot target a
DarkPrince,GiantSkeleton,b,5,6,7.90,0,,
DarkPrince,GoblinDemolisher,b,4,9,9.40,4,,
DarkPrince,GoblinGang,a,1,1,1.00,0,,
DarkPrince,GoblinGiant,a,12,0,16.40,12,yes,b cannot target a
DarkPrince,GoblinMachine,b,6,8,9.10,1,,
DarkPrince,Goblins,a,1,1,1.00,0,,
DarkPrince,Goblinstein,a,9,0,12.20,9,yes,b cannot target a
DarkPrince,GoldenKnight,b,6,10,8.80,1,,
DarkPrince,Golem,a,20,0,27.60,20,yes,b cannot target a
DarkPrince,Golemite,a,4,0,5.20,4,yes,b cannot target a
DarkPrince,Heal,a,1,1,2.30,0,,
DarkPrince,HogRider,a,7,0,9.40,7,yes,b cannot target a
DarkPrince,IceGolemite,a,5,0,6.60,5,yes,b cannot target a
DarkPrince,IceSpirits,a,1,1,2.30,0,,
DarkPrince,IceWizard,a,3,5,8.10,0,,
DarkPrince,InfernoDragon,b,0,9,4.40,9,yes,a cannot target b
DarkPrince,InfernoTower,b,0,8,4.00,8,yes,
DarkPrince,KingTower,b,7,17,16.50,7,,
DarkPrince,Knight,b,6,8,9.10,1,,
DarkPrince,LavaHound,neither,0,0,0.00,0,,neither can target the other
DarkPrince,LavaPups,b,0,18,29.60,18,yes,a cannot target b
DarkPrince,LittlePrince,a,3,7,8.10,0,,
DarkPrince,MegaKnight,b,7,6,9.70,0,,
DarkPrince,MegaMinion,b,0,5,7.10,5,yes,a cannot target b
DarkPrince,MightyMiner,b,3,10,4.30,2,,
DarkPrince,Miner,a,5,5,6.60,0,,
DarkPrince,MiniPekka,b,3,3,4.57,0,,
DarkPrince,MiniSparkys,a,2,2,5.70,0,,
DarkPrince,MinionHorde,b,0,15,17.50,15,yes,a cannot target b
DarkPrince,Minions,b,0,15,17.50,15,yes,a cannot target b
DarkPrince,Monk,b,6,11,8.60,1,,
DarkPrince,Mortar,a,6,4,18.30,0,,
DarkPrince,MovingCannon,b,2,8,6.70,6,,
DarkPrince,Musketeer,b,2,8,7.30,6,,
DarkPrince,Musketeer_EV1,b,2,8,7.30,6,,
DarkPrince,Pekka,b,3,3,4.90,0,,
DarkPrince,Phoenix,b,0,8,7.40,8,yes,a cannot target b
DarkPrince,Prince,b,4,5,6.50,1,,
DarkPrince,PrincessTower,b,4,17,12.80,10,,
DarkPrince,RageBarbarian,b,3,6,4.65,1,,
DarkPrince,RamRider,a,7,0,9.40,7,yes,b cannot target a
DarkPrince,RascalGirl,a,1,5,4.80,0,,
DarkPrince,Rascals,a,7,6,9.40,1,,
DarkPrince,Ronin,b,5,5,6.60,0,,
DarkPrince,RoyalGiant,a,12,0,20.20,12,yes,b cannot target a
DarkPrince,RoyalHogs,a,4,0,5.20,4,yes,b cannot target a
DarkPrince,RoyalRecruits,a,4,4,5.60,0,,
DarkPrince,SkeletonArmy,a,1,0,1.00,1,yes,
DarkPrince,SkeletonDragons,b,0,10,19.60,10,yes,a cannot target b
DarkPrince,SkeletonKing,a,9,7,12.20,1,,
DarkPrince,SkeletonWarriors,a,2,3,2.80,0,,
DarkPrince,Skeletons,a,1,0,1.00,1,yes,
DarkPrince,SpearGoblins,a,1,3,4.80,0,,
DarkPrince,Tesla,b,3,8,8.40,5,,
DarkPrince,ThreeMusketeers,b,3,8,9.80,4,,
DarkPrince,Valkyrie,b,6,6,8.90,0,,
DarkPrince,Wallbreakers,a,2,0,2.40,2,yes,b cannot target a
DarkPrince,Witch,a,4,9,9.50,0,,
DarkPrince,WitchMother,a,2,7,6.70,0,,
DarkPrince,Wizard,b,2,6,8.00,4,,
DarkPrince,Wizard_EV1,b,2,6,8.00,4,,
DarkPrince,Xbow,b,0,26,10.00,26,yes,
DarkPrince,ZapMachine,b,2,2,7.00,1,,
DarkPrince,goblinstein_doctor,a,3,4,8.10,0,,
DarkWitch,DartBarrell,b,0,6,6.10,6,yes,a cannot target b
DarkWitch,ElectroDragon,b,0,5,9.80,5,yes,a cannot target b
DarkWitch,ElectroGiant,a,13,0,16.15,13,yes,b cannot target a
DarkWitch,ElectroSpirit,a,1,1,1.45,0,,
DarkWitch,ElectroWizard,a,3,3,6.55,0,,
DarkWitch,EliteArcher,b,1,7,7.00,6,,
DarkWitch,ElixirGolem,a,5,0,5.75,5,yes,b cannot target a
DarkWitch,ElixirGolem2,a,3,0,3.15,3,yes,b cannot target a
DarkWitch,ElixirGolem4,a,2,0,1.85,2,yes,b cannot target a
DarkWitch,FireSpirits,a,1,1,1.45,0,,
DarkWitch,Firecracker,a,1,1,4.95,0,,
DarkWitch,FirespiritHut,a,3,4,7.05,0,,
DarkWitch,Fisherman,a,3,2,3.15,1,,
DarkWitch,Ghost,b,0,4,6.87,4,yes,a cannot target b
DarkWitch,Giant,a,13,0,16.15,13,yes,b cannot target a
DarkWitch,GiantBuffer,a,9,0,10.95,9,yes,b cannot target a
DarkWitch,GiantSkeleton,b,4,4,5.70,0,,
DarkWitch,GoblinDemolisher,b,1,5,5.00,4,,
DarkWitch,GoblinGang,a,1,0,0.55,1,yes,
DarkWitch,GoblinGiant,a,10,0,12.25,10,yes,b cannot target a
DarkWitch,GoblinMachine,b,4,4,4.70,0,,
DarkWitch,Goblins,a,1,0,0.55,1,yes,
DarkWitch,Goblinstein,a,8,0,9.65,8,yes,b cannot target a
DarkWitch,GoldenKnight,b,4,6,5.60,0,,
DarkWitch,Golem,a,17,0,21.35,17,yes,b cannot target a
DarkWitch,Golemite,a,4,0,4.45,4,yes,b cannot target a
DarkWitch,Heal,a,1,1,1.45,0,,
DarkWitch,HogRider,a,6,0,7.05,6,yes,b cannot target a
DarkWitch,IceGolemite,a,5,0,5.75,5,yes,b cannot target a
DarkWitch,IceSpirits,a,1,1,1.45,0,,
DarkWitch,IceWizard,a,3,4,7.05,0,,
DarkWitch,InfernoDragon,b,0,8,4.00,8,yes,a cannot target b
DarkWitch,InfernoTower,b,0,8,4.00,8,yes,
DarkWitch,KingTower,b,3,10,9.50,6,,
DarkWitch,Knight,b,5,5,5.90,0,,
DarkWitch,LavaHound,neither,0,0,0.00,0,,neither can target the other
DarkWitch,LavaPups,b,0,12,19.40,12,yes,a cannot target b
DarkWitch,LittlePrince,a,3,6,7.05,0,,
DarkWitch,MegaKnight,b,5,4,6.70,0,,
DarkWitch,MegaMinion,b,0,3,4.10,3,yes,a cannot target b
DarkWitch,MightyMiner,b,3,8,3.50,0,,
DarkWitch,Miner,a,4,3,4.45,1,,
DarkWitch,MiniPekka,b,3,2,3.23,0,,
DarkWitch,MiniSparkys,a,2,2,4.75,0,,
DarkWitch,MinionHorde,b,0,9,10.30,9,yes,a cannot target b
DarkWitch,Minions,b,0,9,10.30,9,yes,a cannot target b
DarkWitch,Monk,b,5,7,5.80,0,,
DarkWitch,Mortar,a,5,3,15.65,0,,
DarkWitch,MovingCannon,b,0,5,4.00,5,yes,
DarkWitch,Musketeer,b,0,5,4.30,5,yes,
DarkWitch,Musketeer_EV1,b,0,5,4.30,5,yes,
DarkWitch,Pekka,b,3,2,3.63,0,,
DarkWitch,Phoenix,b,0,5,4.40,5,yes,a cannot target b
DarkWitch,Prince,b,3,3,3.70,0,,
DarkWitch,PrincessTower,b,1,10,7.20,9,,
DarkWitch,RageBarbarian,b,3,4,3.25,0,,
DarkWitch,RamRider,a,6,0,7.05,6,yes,b cannot target a
DarkWitch,RascalGirl,a,1,4,3.95,0,,
DarkWitch,Rascals,a,6,4,7.05,2,,
DarkWitch,Ronin,b,3,3,4.07,0,,
DarkWitch,RoyalGiant,a,11,0,16.95,11,yes,b cannot target a
DarkWitch,RoyalHogs,a,3,0,3.15,3,yes,b cannot target a
DarkWitch,RoyalRecruits,a,3,2,3.15,1,,
DarkWitch,SkeletonArmy,a,1,0,0.55,1,yes,
DarkWitch,SkeletonDragons,b,0,6,11.60,6,yes,a cannot target b
DarkWitch,SkeletonKing,b,6,5,8.10,0,,
DarkWitch,SkeletonWarriors,a,2,2,1.85,0,,
DarkWitch,Skeletons,a,1,0,0.55,1,yes,
DarkWitch,SpearGoblins,a,1,2,3.95,0,,
DarkWitch,Tesla,b,1,5,5.10,4,,
DarkWitch,ThreeMusketeers,b,1,5,5.90,4,,
DarkWitch,Valkyrie,b,5,4,6.30,0,,
DarkWitch,Wallbreakers,a,2,0,1.85,2,yes,b cannot target a
DarkWitch,Witch,b,2,7,7.00,4,,
DarkWitch,WitchMother,a,2,6,5.75,0,,
DarkWitch,Wizard,b,1,4,5.20,3,,
DarkWitch,Wizard_EV1,b,1,4,5.20,3,,
DarkWitch,Xbow,b,0,16,6.00,16,yes,
DarkWitch,ZapMachine,b,0,1,3.00,1,yes,
DarkWitch,goblinstein_doctor,a,3,4,7.05,0,,
DartBarrell,ElectroDragon,a,7,2,7.20,4,,
DartBarrell,ElectroGiant,a,24,0,25.90,24,yes,b cannot target a
DartBarrell,ElectroSpirit,a,2,0,1.70,2,yes,
DartBarrell,ElectroWizard,a,5,2,5.00,2,,
DartBarrell,EliteArcher,a,4,4,4.57,0,,
DartBarrell,ElixirGolem,a,10,0,10.50,10,yes,b cannot target a
DartBarrell,ElixirGolem2,a,5,0,5.00,5,yes,b cannot target a
DartBarrell,ElixirGolem4,a,3,0,2.80,3,yes,b cannot target a
DartBarrell,FireSpirits,a,2,0,1.70,2,yes,
DartBarrell,Firecracker,a,2,0,1.70,2,yes,
DartBarrell,FirespiritHut,a,5,2,5.00,2,,
DartBarrell,Fisherman,a,6,0,6.10,6,yes,b cannot target a
DartBarrell,Ghost,a,8,0,8.30,8,yes,b cannot target a
DartBarrell,Giant,a,24,0,25.90,24,yes,b cannot target a
DartBarrell,GiantBuffer,a,17,0,18.20,17,yes,b cannot target a
DartBarrell,GiantSkeleton,a,20,0,21.50,20,yes,b cannot target a
DartBarrell,GoblinDemolisher,a,8,0,8.30,8,yes,b cannot target a
DartBarrell,GoblinGang,a,2,0,1.70,2,yes,b cannot target a
DartBarrell,GoblinGiant,a,19,0,20.40,19,yes,b cannot target a
DartBarrell,GoblinMachine,a,14,0,14.90,14,yes,b cannot target a
DartBarrell,Goblins,a,2,0,1.70,2,yes,b cannot target a
DartBarrell,Goblinstein,a,14,0,14.90,14,yes,b cannot target a
DartBarrell,GoldenKnight,a,11,0,11.60,11,yes,b cannot target a
DartBarrell,Golem,a,30,0,32.50,30,yes,b cannot target a
DartBarrell,Golemite,a,7,0,7.20,7,yes,b cannot target a
DartBarrell,Heal,a,2,0,1.70,2,yes,
DartBarrell,HogRider,a,10,0,10.50,10,yes,b cannot target a
DartBarrell,IceGolemite,a,8,0,8.30,8,yes,b cannot target a
DartBarrell,IceSpirits,a,2,0,1.70,2,yes,
DartBarrell,IceWizard,a,5,2,5.00,2,,
DartBarrell,InfernoDragon,b,6,7,6.10,0,,
DartBarrell,InfernoTower,b,3,6,3.20,0,,
DartBarrell,KingTower,b,5,7,6.50,1,,
DartBarrell,Knight,a,11,0,11.60,11,yes,b cannot target a
DartBarrell,LavaHound,a,21,0,22.60,21,yes,b cannot target a
DartBarrell,LavaPups,a,2,0,1.70,2,yes,
DartBarrell,LittlePrince,a,5,4,5.00,1,,
DartBarrell,MegaKnight,a,24,0,25.90,24,yes,b cannot target a
DartBarrell,MegaMinion,a,5,0,5.00,5,yes,
DartBarrell,MightyMiner,a,14,0,14.90,14,yes,b cannot target a
DartBarrell,Miner,a,8,0,8.30,8,yes,b cannot target a
DartBarrell,MiniPekka,a,9,0,9.40,9,yes,b cannot target a
DartBarrell,MiniSparkys,a,4,1,3.90,3,,
DartBarrell,MinionHorde,a,2,0,1.70,2,yes,
DartBarrell,Minions,a,2,0,1.70,2,yes,
DartBarrell,Monk,a,13,0,13.80,13,yes,b cannot target a
DartBarrell,Mortar,a,9,0,13.07,9,yes,b cannot target a
DartBarrell,MovingCannon,a,11,0,11.60,11,yes,b cannot target a
DartBarrell,Musketeer,b,2,3,2.30,1,,
DartBarrell,Musketeer_EV1,b,2,3,2.30,1,,
DartBarrell,Pekka,a,22,0,23.70,22,yes,b cannot target a
DartBarrell,Phoenix,b,6,3,6.80,0,,
DartBarrell,Prince,a,12,0,12.70,12,yes,b cannot target a
DartBarrell,PrincessTower,b,3,7,4.80,2,,
DartBarrell,RageBarbarian,a,8,0,8.30,8,yes,b cannot target a
DartBarrell,RamRider,a,11,0,11.60,11,yes,b cannot target a
DartBarrell,RascalGirl,a,2,1,1.70,1,,
DartBarrell,Rascals,a,11,0,11.60,11,yes,b cannot target a
DartBarrell,Ronin,a,11,0,11.60,11,yes,b cannot target a
DartBarrell,RoyalGiant,a,19,0,20.40,19,yes,b cannot target a
DartBarrell,RoyalHogs,a,5,0,5.00,5,yes,b cannot target a
DartBarrell,RoyalRecruits,a,6,0,6.10,6,yes,b cannot target a
DartBarrell,SkeletonArmy,a,1,0,0.60,1,yes,b cannot target a
DartBarrell,SkeletonDragons,a,4,1,3.90,3,,
DartBarrell,SkeletonKing,a,14,0,14.90,14,yes,b cannot target a
DartBarrell,SkeletonWarriors,a,3,0,2.80,3,yes,b cannot target a
DartBarrell,Skeletons,a,1,0,0.60,1,yes,b cannot target a
DartBarrell,SpearGoblins,a,1,0,0.60,1,yes,
DartBarrell,Tesla,a,7,0,7.20,7,yes,b is out-reached and cannot close
DartBarrell,ThreeMusketeers,b,4,4,4.60,0,,
DartBarrell,Valkyrie,a,12,0,12.70,12,yes,b cannot target a
DartBarrell,Wallbreakers,a,2,0,1.70,2,yes,b cannot target a
DartBarrell,Witch,a,5,4,5.00,1,,
DartBarrell,WitchMother,a,4,3,3.90,1,,
DartBarrell,Wizard,b,4,3,4.30,0,,
DartBarrell,Wizard_EV1,b,4,3,4.30,0,,
DartBarrell,Xbow,a,10,0,14.17,10,yes,b cannot target a
DartBarrell,ZapMachine,a,9,0,9.40,9,yes,b cannot target a
DartBarrell,goblinstein_doctor,a,5,2,5.00,2,,
ElectroDragon,ElectroGiant,a,21,0,43.40,21,yes,b cannot target a
ElectroDragon,ElectroSpirit,a,2,1,3.50,0,,
ElectroDragon,ElectroWizard,a,4,5,9.20,0,,
ElectroDragon,EliteArcher,b,2,8,8.10,5,,
ElectroDragon,ElixirGolem,a,9,0,18.20,9,yes,b cannot target a
ElectroDragon,ElixirGolem2,a,4,0,7.70,4,yes,b cannot target a
ElectroDragon,ElixirGolem4,a,2,0,3.50,2,yes,b cannot target a
ElectroDragon,FireSpirits,a,2,1,3.50,0,,
ElectroDragon,Firecracker,a,2,2,6.00,0,,
ElectroDragon,FirespiritHut,both,4,6,9.70,0,,they kill each other on the same tick
ElectroDragon,Fisherman,a,5,0,9.80,5,yes,b cannot target a
ElectroDragon,Ghost,a,7,0,14.00,7,yes,b cannot target a
ElectroDragon,Giant,a,21,0,43.40,21,yes,b cannot target a
ElectroDragon,GiantBuffer,a,15,0,30.80,15,yes,b cannot target a
ElectroDragon,GiantSkeleton,a,18,0,37.10,18,yes,b cannot target a
ElectroDragon,GoblinDemolisher,a,7,0,15.50,7,yes,b cannot target a
ElectroDragon,GoblinGang,a,2,0,3.50,2,yes,b cannot target a
ElectroDragon,GoblinGiant,a,17,0,35.00,17,yes,b cannot target a
ElectroDragon,GoblinMachine,a,12,0,24.50,12,yes,b cannot target a
ElectroDragon,Goblins,a,2,0,3.50,2,yes,b cannot target a
ElectroDragon,Goblinstein,a,13,0,26.60,13,yes,b cannot target a
ElectroDragon,GoldenKnight,a,10,0,20.30,10,yes,b cannot target a
ElectroDragon,Golem,a,27,0,56.00,27,yes,b cannot target a
ElectroDragon,Golemite,a,6,0,11.90,6,yes,b cannot target a
ElectroDragon,Heal,a,2,1,3.50,0,,
ElectroDragon,HogRider,a,9,0,18.20,9,yes,b cannot target a
ElectroDragon,IceGolemite,a,7,0,14.00,7,yes,b cannot target a
ElectroDragon,IceSpirits,a,2,1,3.50,0,,
ElectroDragon,IceWizard,a,4,6,9.70,0,,
ElectroDragon,InfernoDragon,b,2,8,4.00,1,,
ElectroDragon,InfernoTower,b,1,8,4.00,7,,
ElectroDragon,KingTower,b,4,12,11.50,5,,
ElectroDragon,Knight,a,10,0,20.30,10,yes,b cannot target a
ElectroDragon,LavaHound,a,19,0,39.20,19,yes,b cannot target a
ElectroDragon,LavaPups,a,2,1,3.50,1,,
ElectroDragon,LittlePrince,a,4,8,9.70,0,,
ElectroDragon,MegaKnight,a,21,0,43.40,21,yes,b cannot target a
ElectroDragon,MegaMinion,b,3,4,7.50,0,,
ElectroDragon,MightyMiner,a,12,0,24.50,12,yes,b cannot target a
ElectroDragon,Miner,a,7,0,14.00,7,yes,b cannot target a
ElectroDragon,MiniPekka,a,8,0,16.10,8,yes,b cannot target a
ElectroDragon,MiniSparkys,a,3,3,6.60,0,,
ElectroDragon,MinionHorde,a,2,2,3.50,0,,
ElectroDragon,Minions,a,2,2,3.50,0,,
ElectroDragon,Monk,a,12,0,24.50,12,yes,b cannot target a
ElectroDragon,Mortar,a,8,0,24.10,8,yes,b cannot target a
ElectroDragon,MovingCannon,a,10,0,22.30,10,yes,b cannot target a
ElectroDragon,Musketeer,b,1,5,4.30,4,,
ElectroDragon,Musketeer_EV1,b,1,5,4.30,4,,
ElectroDragon,Pekka,a,20,0,41.30,20,yes,b cannot target a
ElectroDragon,Phoenix,b,3,5,6.30,0,,
ElectroDragon,Prince,a,10,0,20.30,10,yes,b cannot target a
ElectroDragon,PrincessTower,b,2,12,8.80,7,,
ElectroDragon,RageBarbarian,a,7,0,14.00,7,yes,b cannot target a
ElectroDragon,RamRider,a,10,0,20.30,10,yes,b cannot target a
ElectroDragon,RascalGirl,a,2,5,5.00,0,,
ElectroDragon,Rascals,a,10,0,20.30,10,yes,b cannot target a
ElectroDragon,Ronin,a,10,0,20.30,10,yes,b cannot target a
ElectroDragon,RoyalGiant,a,17,0,36.50,17,yes,b cannot target a
ElectroDragon,RoyalHogs,a,5,0,9.80,5,yes,b cannot target a
ElectroDragon,RoyalRecruits,a,5,0,9.80,5,yes,b cannot target a
ElectroDragon,SkeletonArmy,a,1,0,1.40,1,yes,b cannot target a
ElectroDragon,SkeletonDragons,a,3,3,5.60,1,,
ElectroDragon,SkeletonKing,a,12,0,24.50,12,yes,b cannot target a
ElectroDragon,SkeletonWarriors,a,3,0,5.60,3,yes,b cannot target a
ElectroDragon,Skeletons,a,1,0,1.40,1,yes,b cannot target a
ElectroDragon,SpearGoblins,a,1,2,2.90,0,,
ElectroDragon,Tesla,b,1,5,5.10,3,,
ElectroDragon,ThreeMusketeers,b,2,6,7.20,3,,
ElectroDragon,Valkyrie,a,10,0,20.30,10,yes,b cannot target a
ElectroDragon,Wallbreakers,a,2,0,3.50,2,yes,b cannot target a
ElectroDragon,Witch,b,3,8,8.10,3,,
ElectroDragon,WitchMother,a,3,7,7.60,0,,
ElectroDragon,Wizard,b,1,4,5.20,2,,
ElectroDragon,Wizard_EV1,b,1,4,5.20,2,,
ElectroDragon,Xbow,a,9,0,26.20,9,yes,b cannot target a
ElectroDragon,ZapMachine,a,8,0,17.60,8,yes,b cannot target a
ElectroDragon,goblinstein_doctor,a,4,5,9.70,0,,
ElectroGiant,ElectroSpirit,stalemate,0,1,300.00,0,,a cannot target b; neither dies inside five minutes
ElectroGiant,ElectroWizard,b,0,34,60.60,34,yes,a cannot target b
ElectroGiant,EliteArcher,b,0,30,32.30,30,yes,a cannot target b
ElectroGiant,ElixirGolem,neither,0,0,0.00,0,,neither can target the other
ElectroGiant,ElixirGolem2,neither,0,0,0.00,0,,neither can target the other
ElectroGiant,ElixirGolem4,neither,0,0,0.00,0,,neither can target the other
ElectroGiant,FireSpirits,stalemate,0,1,300.00,0,,a cannot target b; neither dies inside five minutes
ElectroGiant,Firecracker,b,0,62,185.35,62,yes,a cannot target b
ElectroGiant,FirespiritHut,b,0,23,38.60,23,yes,a cannot target b
ElectroGiant,Fisherman,b,0,21,27.20,21,yes,a cannot target b
ElectroGiant,Ghost,b,0,16,28.20,16,yes,a cannot target b
ElectroGiant,Giant,neither,0,0,0.00,0,,neither can target the other
ElectroGiant,GiantBuffer,neither,0,0,0.00,0,,neither can target the other
ElectroGiant,GiantSkeleton,b,0,15,19.60,15,yes,a cannot target b
ElectroGiant,GoblinDemolisher,b,0,22,23.70,22,yes,a cannot target b
ElectroGiant,GoblinGang,b,0,32,34.95,32,yes,a cannot target b
ElectroGiant,GoblinGiant,neither,0,0,0.00,0,,neither can target the other
ElectroGiant,GoblinMachine,b,0,18,21.10,18,yes,a cannot target b
ElectroGiant,Goblins,b,0,32,34.95,32,yes,a cannot target b
ElectroGiant,Goblinstein,neither,0,0,0.00,0,,neither can target the other
ElectroGiant,GoldenKnight,b,0,25,22.30,25,yes,a cannot target b
ElectroGiant,Golem,neither,0,0,0.00,0,,neither can target the other
ElectroGiant,Golemite,neither,0,0,0.00,0,,neither can target the other
ElectroGiant,Heal,stalemate,0,1,300.00,0,,a cannot target b; neither dies inside five minutes
ElectroGiant,HogRider,neither,0,0,0.00,0,,neither can target the other
ElectroGiant,IceGolemite,neither,0,0,0.00,0,,neither can target the other
ElectroGiant,IceSpirits,stalemate,0,1,300.00,0,,a cannot target b; neither dies inside five minutes
ElectroGiant,IceWizard,b,0,45,76.00,45,yes,a cannot target b
ElectroGiant,InfernoDragon,b,0,15,6.80,15,yes,a cannot target b
ElectroGiant,InfernoTower,b,0,11,5.20,11,yes,
ElectroGiant,KingTower,b,19,43,42.50,9,,
ElectroGiant,Knight,b,0,20,23.50,20,yes,a cannot target b
ElectroGiant,LavaHound,neither,0,0,0.00,0,,neither can target the other
ElectroGiant,LavaPups,b,0,49,82.30,49,yes,a cannot target b
ElectroGiant,LittlePrince,b,0,38,45.20,38,yes,a cannot target b
ElectroGiant,MegaKnight,b,0,15,25.00,15,yes,a cannot target b
ElectroGiant,MegaMinion,b,0,13,19.10,13,yes,a cannot target b
ElectroGiant,MightyMiner,b,0,16,6.70,16,yes,a cannot target b
ElectroGiant,Miner,b,0,21,26.80,21,yes,a cannot target b
ElectroGiant,MiniPekka,b,0,6,9.37,6,yes,a cannot target b
ElectroGiant,MiniSparkys,b,0,34,74.00,34,yes,a cannot target b
ElectroGiant,MinionHorde,b,0,37,43.90,37,yes,a cannot target b
ElectroGiant,Minions,b,0,37,43.90,37,yes,a cannot target b
ElectroGiant,Monk,b,0,29,23.00,29,yes,a cannot target b
ElectroGiant,Mortar,a,9,6,28.93,0,,
ElectroGiant,MovingCannon,b,0,19,16.60,19,yes,a cannot target b
ElectroGiant,Musketeer,b,0,19,18.30,19,yes,a cannot target b
ElectroGiant,Musketeer_EV1,b,0,19,18.30,19,yes,a cannot target b
ElectroGiant,Pekka,b,0,5,8.50,5,yes,a cannot target b
ElectroGiant,Phoenix,b,0,19,18.40,19,yes,a cannot target b
ElectroGiant,Prince,b,0,11,14.90,11,yes,a cannot target b
ElectroGiant,PrincessTower,b,14,43,33.60,12,,
ElectroGiant,RageBarbarian,b,0,16,12.65,16,yes,a cannot target b
ElectroGiant,RamRider,neither,0,0,0.00,0,,neither can target the other
ElectroGiant,RascalGirl,b,0,32,31.50,32,yes,a cannot target b
ElectroGiant,Rascals,b,0,19,28.50,19,yes,a cannot target b
ElectroGiant,Ronin,b,0,11,15.00,11,yes,a cannot target b
ElectroGiant,RoyalGiant,neither,0,0,0.00,0,,neither can target the other
ElectroGiant,RoyalHogs,neither,0,0,0.00,0,,neither can target the other
ElectroGiant,RoyalRecruits,b,0,30,38.50,30,yes,a cannot target b
ElectroGiant,SkeletonArmy,b,0,49,53.87,49,yes,a cannot target b
ElectroGiant,SkeletonDragons,b,0,27,53.60,27,yes,a cannot target b
ElectroGiant,SkeletonKing,b,0,20,31.70,20,yes,a cannot target b
ElectroGiant,SkeletonWarriors,b,0,34,33.50,34,yes,a cannot target b
ElectroGiant,Skeletons,b,0,49,53.87,49,yes,a cannot target b
ElectroGiant,SpearGoblins,b,0,49,77.90,49,yes,a cannot target b
ElectroGiant,Tesla,a,8,17,19.13,0,,
ElectroGiant,ThreeMusketeers,b,0,20,25.40,20,yes,a cannot target b
ElectroGiant,Valkyrie,b,0,15,22.40,15,yes,a cannot target b
ElectroGiant,Wallbreakers,neither,0,0,0.00,0,,neither can target the other
ElectroGiant,Witch,b,0,30,32.30,30,yes,a cannot target b
ElectroGiant,WitchMother,b,0,30,29.70,30,yes,a cannot target b
ElectroGiant,Wizard,b,0,15,20.60,15,yes,a cannot target b
ElectroGiant,Wizard_EV1,b,0,15,20.60,15,yes,a cannot target b
ElectroGiant,Xbow,b,8,69,27.20,37,,
ElectroGiant,ZapMachine,b,0,3,11.00,3,yes,a cannot target b
ElectroGiant,goblinstein_doctor,b,0,30,53.50,30,yes,a cannot target b
ElectroSpirit,ElectroWizard,b,1,2,3.00,1,,
ElectroSpirit,EliteArcher,b,0,2,1.50,2,yes,
ElectroSpirit,ElixirGolem,stalemate,1,0,300.00,0,,b cannot target a; neither dies inside five minutes
ElectroSpirit,ElixirGolem2,stalemate,1,0,300.00,0,,b cannot target a; neither dies inside five minutes
ElectroSpirit,ElixirGolem4,stalemate,1,0,300.00,0,,b cannot target a; neither dies inside five minutes
ElectroSpirit,FireSpirits,stalemate,1,1,300.00,0,,neither dies inside five minutes
ElectroSpirit,Firecracker,b,1,4,11.35,0,,
ElectroSpirit,FirespiritHut,b,1,2,2.90,1,,
ElectroSpirit,Fisherman,b,1,2,3.80,0,,
ElectroSpirit,Ghost,b,1,1,2.07,0,,
ElectroSpirit,Giant,stalemate,1,0,300.00,0,,b cannot target a; neither dies inside five minutes
ElectroSpirit,GiantBuffer,stalemate,1,0,300.00,0,,b cannot target a; neither dies inside five minutes
ElectroSpirit,GiantSkeleton,b,1,1,2.70,0,,
ElectroSpirit,GoblinDemolisher,b,1,2,1.70,1,,
ElectroSpirit,GoblinGang,b,1,2,2.60,0,,
ElectroSpirit,GoblinGiant,stalemate,1,0,300.00,0,,b cannot target a; neither dies inside five minutes
ElectroSpirit,GoblinMachine,b,1,1,2.00,0,,
ElectroSpirit,Goblins,b,1,2,2.60,0,,
ElectroSpirit,Goblinstein,stalemate,1,0,300.00,0,,b cannot target a; neither dies inside five minutes
ElectroSpirit,GoldenKnight,b,1,2,2.90,0,,
ElectroSpirit,Golem,stalemate,1,0,300.00,0,,b cannot target a; neither dies inside five minutes
ElectroSpirit,Golemite,stalemate,1,0,300.00,0,,b cannot target a; neither dies inside five minutes
ElectroSpirit,Heal,stalemate,1,1,300.00,0,,neither dies inside five minutes
ElectroSpirit,HogRider,stalemate,1,0,300.00,0,,b cannot target a; neither dies inside five minutes
ElectroSpirit,IceGolemite,stalemate,1,0,300.00,0,,b cannot target a; neither dies inside five minutes
ElectroSpirit,IceSpirits,stalemate,1,1,300.00,0,,neither dies inside five minutes
ElectroSpirit,IceWizard,b,1,3,4.60,1,,
ElectroSpirit,InfernoDragon,b,1,4,2.40,0,,
ElectroSpirit,InfernoTower,b,1,3,2.00,2,,
ElectroSpirit,KingTower,b,1,3,2.50,2,,
ElectroSpirit,Knight,b,1,2,3.20,0,,
ElectroSpirit,LavaHound,stalemate,1,0,300.00,0,,b cannot target a; neither dies inside five minutes
ElectroSpirit,LavaPups,b,1,3,5.00,0,,
ElectroSpirit,LittlePrince,b,1,3,3.20,1,,
ElectroSpirit,MegaKnight,b,1,1,2.50,0,,
ElectroSpirit,MegaMinion,b,1,1,2.00,0,,
ElectroSpirit,MightyMiner,b,1,5,3.20,0,,
ElectroSpirit,Miner,b,1,2,2.97,0,,
ElectroSpirit,MiniPekka,b,1,1,2.23,0,,
ElectroSpirit,MiniSparkys,b,1,2,3.60,0,,
ElectroSpirit,MinionHorde,b,1,3,3.10,0,,
ElectroSpirit,Minions,b,1,3,3.10,0,,
ElectroSpirit,Monk,b,1,2,2.70,0,,
ElectroSpirit,Mortar,b,0,1,3.70,1,yes,
ElectroSpirit,MovingCannon,b,0,2,1.30,2,yes,
ElectroSpirit,Musketeer,b,0,1,0.30,1,yes,
ElectroSpirit,Musketeer_EV1,b,0,1,0.30,1,yes,
ElectroSpirit,Pekka,b,1,1,3.03,0,,
ElectroSpirit,Phoenix,b,1,1,1.30,0,,
ElectroSpirit,Prince,b,1,1,1.80,0,,
ElectroSpirit,PrincessTower,b,0,3,1.60,3,yes,
ElectroSpirit,RageBarbarian,b,1,1,1.30,0,,
ElectroSpirit,RamRider,stalemate,1,0,300.00,0,,b cannot target a; neither dies inside five minutes
ElectroSpirit,RascalGirl,b,1,2,1.50,1,,
ElectroSpirit,Rascals,b,1,1,2.80,0,,
ElectroSpirit,Ronin,b,1,1,1.87,0,,
ElectroSpirit,RoyalGiant,stalemate,1,0,300.00,0,,b cannot target a; neither dies inside five minutes
ElectroSpirit,RoyalHogs,stalemate,1,0,300.00,0,,b cannot target a; neither dies inside five minutes
ElectroSpirit,RoyalRecruits,b,1,2,3.00,0,,
ElectroSpirit,SkeletonArmy,a,1,0,0.10,1,yes,
ElectroSpirit,SkeletonDragons,b,1,2,3.60,0,,
ElectroSpirit,SkeletonKing,b,1,2,4.20,0,,
ElectroSpirit,SkeletonWarriors,b,1,2,2.10,0,,
ElectroSpirit,Skeletons,a,1,0,0.10,1,yes,
ElectroSpirit,SpearGoblins,b,1,3,4.30,1,,
ElectroSpirit,Tesla,b,0,1,0.70,1,yes,
ElectroSpirit,ThreeMusketeers,b,1,2,2.00,1,,
ElectroSpirit,Valkyrie,b,1,1,2.70,0,,
ElectroSpirit,Wallbreakers,stalemate,1,0,300.00,0,,b cannot target a; neither dies inside five minutes
ElectroSpirit,Witch,b,0,2,1.50,2,yes,
ElectroSpirit,WitchMother,b,1,2,1.70,1,,
ElectroSpirit,Wizard,b,0,1,1.00,1,yes,
ElectroSpirit,Wizard_EV1,b,0,1,1.00,1,yes,
ElectroSpirit,Xbow,b,0,4,1.20,4,yes,
ElectroSpirit,ZapMachine,b,1,1,3.00,0,,
ElectroSpirit,goblinstein_doctor,b,1,2,3.10,1,,
ElectroWizard,EliteArcher,b,2,6,5.90,2,,
ElectroWizard,ElixirGolem,a,14,0,24.60,14,yes,b cannot target a
ElectroWizard,ElixirGolem2,a,7,0,12.00,7,yes,b cannot target a
ElectroWizard,ElixirGolem4,a,4,0,6.60,4,yes,b cannot target a
ElectroWizard,FireSpirits,a,2,1,3.00,1,,
ElectroWizard,Firecracker,a,3,2,5.47,1,,
ElectroWizard,FirespiritHut,b,3,4,6.30,1,,
ElectroWizard,Fisherman,b,5,4,8.90,0,,
ElectroWizard,Ghost,b,4,3,7.33,0,,
ElectroWizard,Giant,a,34,0,60.60,34,yes,b cannot target a
ElectroWizard,GiantBuffer,a,25,0,44.40,25,yes,b cannot target a
ElectroWizard,GiantSkeleton,b,4,3,7.80,0,,
ElectroWizard,GoblinDemolisher,b,2,4,3.90,1,,
ElectroWizard,GoblinGang,a,2,1,3.00,1,,
ElectroWizard,GoblinGiant,a,27,0,48.00,27,yes,b cannot target a
ElectroWizard,GoblinMachine,b,4,4,8.10,0,,
ElectroWizard,Goblins,a,2,1,3.00,1,,
ElectroWizard,Goblinstein,a,21,0,37.20,21,yes,b cannot target a
ElectroWizard,GoldenKnight,b,4,5,8.10,0,,
ElectroWizard,Golem,a,44,0,78.60,44,yes,b cannot target a
ElectroWizard,Golemite,a,9,0,15.60,9,yes,b cannot target a
ElectroWizard,Heal,a,2,1,3.00,1,,
ElectroWizard,HogRider,a,15,0,26.40,15,yes,b cannot target a
ElectroWizard,IceGolemite,a,12,0,21.00,12,yes,b cannot target a
ElectroWizard,IceSpirits,a,2,1,3.00,1,,
ElectroWizard,IceWizard,a,6,6,10.53,0,,
ElectroWizard,InfernoDragon,b,3,8,5.50,0,,
ElectroWizard,InfernoTower,b,1,6,3.20,2,,
ElectroWizard,KingTower,b,3,8,7.50,3,,
ElectroWizard,Knight,b,4,4,8.10,0,,
ElectroWizard,LavaHound,a,31,0,55.20,31,yes,b cannot target a
ElectroWizard,LavaPups,a,2,0,3.00,2,yes,
ElectroWizard,LittlePrince,b,4,7,8.00,1,,
ElectroWizard,MegaKnight,b,5,3,8.40,0,,
ElectroWizard,MegaMinion,b,4,3,7.50,0,,
ElectroWizard,MightyMiner,b,3,7,6.50,0,,
ElectroWizard,Miner,b,4,4,7.23,0,,
ElectroWizard,MiniPekka,b,2,1,3.90,0,,
ElectroWizard,MiniSparkys,a,5,3,8.40,1,,
ElectroWizard,MinionHorde,a,2,1,3.00,1,,
ElectroWizard,Minions,a,2,1,3.00,1,,
ElectroWizard,Monk,b,5,6,8.40,0,,
ElectroWizard,Mortar,b,5,3,13.10,1,,
ElectroWizard,MovingCannon,b,1,4,3.10,2,,
ElectroWizard,Musketeer,b,1,4,3.30,2,,
ElectroWizard,Musketeer_EV1,b,1,4,3.30,2,,
ElectroWizard,Pekka,b,3,1,6.37,0,,
ElectroWizard,Phoenix,b,4,4,6.80,0,,
ElectroWizard,Prince,b,3,2,5.70,0,,
ElectroWizard,PrincessTower,b,2,8,5.60,4,,
ElectroWizard,RageBarbarian,b,2,3,4.15,0,,
ElectroWizard,RamRider,a,16,0,28.20,16,yes,b cannot target a
ElectroWizard,RascalGirl,a,3,5,4.80,0,,
ElectroWizard,Rascals,b,5,4,9.80,0,,
ElectroWizard,Ronin,b,3,2,4.93,0,,
ElectroWizard,RoyalGiant,a,28,0,49.80,28,yes,b cannot target a
ElectroWizard,RoyalHogs,a,8,0,13.80,8,yes,b cannot target a
ElectroWizard,RoyalRecruits,b,6,6,10.70,0,,
ElectroWizard,SkeletonArmy,a,1,0,1.20,1,yes,
ElectroWizard,SkeletonDragons,a,5,3,8.40,1,,
ElectroWizard,SkeletonKing,b,5,4,9.90,0,,
ElectroWizard,SkeletonWarriors,a,4,4,6.60,1,,
ElectroWizard,Skeletons,a,1,0,1.20,1,yes,
ElectroWizard,SpearGoblins,a,2,2,3.00,0,,
ElectroWizard,Tesla,b,2,4,4.00,1,,
ElectroWizard,ThreeMusketeers,b,2,4,4.60,1,,
ElectroWizard,Valkyrie,b,4,3,8.20,0,,
ElectroWizard,Wallbreakers,a,3,0,4.80,3,yes,b cannot target a
ElectroWizard,Witch,b,3,6,5.90,2,,
ElectroWizard,WitchMother,b,3,6,5.70,1,,
ElectroWizard,Wizard,b,2,3,3.80,1,,
ElectroWizard,Wizard_EV1,b,2,3,3.80,1,,
ElectroWizard,Xbow,b,0,13,4.80,13,yes,
ElectroWizard,ZapMachine,b,2,1,3.00,0,,
ElectroWizard,goblinstein_doctor,b,5,6,10.30,1,,
EliteArcher,ElixirGolem,a,12,0,12.50,12,yes,b cannot target a
EliteArcher,ElixirGolem2,a,6,0,5.90,6,yes,b cannot target a
EliteArcher,ElixirGolem4,a,3,0,2.60,3,yes,b cannot target a
EliteArcher,FireSpirits,a,2,0,1.50,2,yes,
EliteArcher,Firecracker,a,3,0,2.60,3,yes,
EliteArcher,FirespiritHut,a,6,2,5.90,3,,
EliteArcher,Fisherman,a,7,1,7.00,7,,
EliteArcher,Ghost,b,8,3,8.67,0,,
EliteArcher,Giant,a,30,0,32.30,30,yes,b cannot target a
EliteArcher,GiantBuffer,a,21,0,22.40,21,yes,b cannot target a
EliteArcher,GiantSkeleton,b,8,2,8.50,0,,
EliteArcher,GoblinDemolisher,b,5,3,4.80,0,,
EliteArcher,GoblinGang,a,2,0,1.50,2,yes,
EliteArcher,GoblinGiant,a,24,0,25.70,24,yes,b cannot target a
EliteArcher,GoblinMachine,b,8,3,8.90,0,,
EliteArcher,Goblins,a,2,0,1.50,2,yes,
EliteArcher,Goblinstein,a,18,0,19.10,18,yes,b cannot target a
EliteArcher,GoldenKnight,b,9,4,9.20,0,,
EliteArcher,Golem,a,38,0,41.10,38,yes,b cannot target a
EliteArcher,Golemite,a,8,0,8.10,8,yes,b cannot target a
EliteArcher,Heal,a,2,0,1.50,2,yes,
EliteArcher,HogRider,a,13,0,13.60,13,yes,b cannot target a
EliteArcher,IceGolemite,a,10,0,10.30,10,yes,b cannot target a
EliteArcher,IceSpirits,a,2,0,1.50,2,yes,
EliteArcher,IceWizard,a,6,2,5.90,3,,
EliteArcher,InfernoDragon,b,6,6,6.70,0,,
EliteArcher,InfernoTower,a,13,0,13.60,13,yes,b is out-reached and cannot close
EliteArcher,KingTower,b,5,6,5.50,0,,
EliteArcher,Knight,b,8,3,8.90,0,,
EliteArcher,LavaHound,a,27,0,29.00,27,yes,b cannot target a
EliteArcher,LavaPups,a,2,0,1.50,2,yes,
EliteArcher,LittlePrince,a,6,4,5.90,2,,
EliteArcher,MegaKnight,b,8,2,8.70,0,,
EliteArcher,MegaMinion,a,7,1,7.00,6,,
EliteArcher,MightyMiner,b,8,6,8.10,0,,
EliteArcher,Miner,b,7,3,7.27,0,,
EliteArcher,MiniPekka,b,5,1,5.23,0,,
EliteArcher,MiniSparkys,a,4,0,3.70,4,yes,
EliteArcher,MinionHorde,a,2,0,1.50,2,yes,
EliteArcher,Minions,a,2,0,1.50,2,yes,
EliteArcher,Monk,b,8,4,8.80,0,,
EliteArcher,Mortar,b,4,2,8.40,1,,
EliteArcher,MovingCannon,b,4,3,3.70,0,,
EliteArcher,Musketeer,b,3,3,3.30,0,,
EliteArcher,Musketeer_EV1,b,3,3,3.30,0,,
EliteArcher,Pekka,b,8,1,9.03,0,,
EliteArcher,Phoenix,b,7,3,7.80,0,,
EliteArcher,Prince,b,7,2,7.70,0,,
EliteArcher,PrincessTower,b,3,6,4.00,2,,
EliteArcher,RageBarbarian,b,5,3,5.15,0,,
EliteArcher,RamRider,a,14,0,14.70,14,yes,b cannot target a
EliteArcher,RascalGirl,a,2,0,1.50,2,yes,
EliteArcher,Rascals,b,10,3,10.30,0,,
EliteArcher,Ronin,b,6,2,6.27,0,,
EliteArcher,RoyalGiant,a,24,0,25.70,24,yes,b cannot target a
EliteArcher,RoyalHogs,a,7,0,7.00,7,yes,b cannot target a
EliteArcher,RoyalRecruits,a,7,1,7.00,6,,
EliteArcher,SkeletonArmy,a,1,0,0.40,1,yes,
EliteArcher,SkeletonDragons,a,5,1,4.80,4,,
EliteArcher,SkeletonKing,b,10,3,10.30,0,,
EliteArcher,SkeletonWarriors,a,3,0,2.60,3,yes,
EliteArcher,Skeletons,a,1,0,0.40,1,yes,
EliteArcher,SpearGoblins,a,1,0,0.40,1,yes,
EliteArcher,Tesla,a,9,0,9.20,9,yes,b is out-reached and cannot close
EliteArcher,ThreeMusketeers,b,4,3,4.30,0,,
EliteArcher,Valkyrie,b,8,2,8.70,0,,
EliteArcher,Wallbreakers,a,3,0,2.60,3,yes,b cannot target a
EliteArcher,Witch,b,5,4,5.20,0,,
EliteArcher,WitchMother,a,4,2,3.70,2,,
EliteArcher,Wizard,b,4,2,3.90,0,,
EliteArcher,Wizard_EV1,b,4,2,3.90,0,,
EliteArcher,Xbow,b,0,10,3.60,10,yes,
EliteArcher,ZapMachine,b,5,1,5.67,0,,
EliteArcher,goblinstein_doctor,a,6,2,5.90,3,,
ElixirGolem,ElixirGolem2,neither,0,0,0.00,0,,neither can target the other
ElixirGolem,ElixirGolem4,neither,0,0,0.00,0,,neither can target the other
ElixirGolem,FireSpirits,stalemate,0,1,300.00,0,,a cannot target b; neither dies inside five minutes
ElixirGolem,Firecracker,b,0,25,74.35,25,yes,a cannot target b
ElixirGolem,FirespiritHut,b,0,9,14.80,9,yes,a cannot target b
ElixirGolem,Fisherman,b,0,9,11.60,9,yes,a cannot target b
ElixirGolem,Ghost,b,0,7,12.00,7,yes,a cannot target b
ElixirGolem,Giant,neither,0,0,0.00,0,,neither can target the other
ElixirGolem,GiantBuffer,neither,0,0,0.00,0,,neither can target the other
ElixirGolem,GiantSkeleton,b,0,6,7.50,6,yes,a cannot target b
ElixirGolem,GoblinDemolisher,b,0,9,9.40,9,yes,a cannot target b
ElixirGolem,GoblinGang,b,0,13,13.85,13,yes,a cannot target b
ElixirGolem,GoblinGiant,neither,0,0,0.00,0,,neither can target the other
ElixirGolem,GoblinMachine,b,0,7,7.90,7,yes,a cannot target b
ElixirGolem,Goblins,b,0,13,13.85,13,yes,a cannot target b
ElixirGolem,Goblinstein,neither,0,0,0.00,0,,neither can target the other
ElixirGolem,GoldenKnight,b,0,10,8.80,10,yes,a cannot target b
ElixirGolem,Golem,neither,0,0,0.00,0,,neither can target the other
ElixirGolem,Golemite,neither,0,0,0.00,0,,neither can target the other
ElixirGolem,Heal,stalemate,0,1,300.00,0,,a cannot target b; neither dies inside five minutes
ElixirGolem,HogRider,neither,0,0,0.00,0,,neither can target the other
ElixirGolem,IceGolemite,neither,0,0,0.00,0,,neither can target the other
ElixirGolem,IceSpirits,stalemate,0,1,300.00,0,,a cannot target b; neither dies inside five minutes
ElixirGolem,IceWizard,b,0,18,30.10,18,yes,a cannot target b
ElixirGolem,InfernoDragon,b,0,10,4.80,10,yes,a cannot target b
ElixirGolem,InfernoTower,b,0,8,4.00,8,yes,
ElixirGolem,KingTower,b,9,18,17.50,9,,
ElixirGolem,Knight,b,0,8,9.10,8,yes,a cannot target b
ElixirGolem,LavaHound,neither,0,0,0.00,0,,neither can target the other
ElixirGolem,LavaPups,b,0,20,33.00,20,yes,a cannot target b
ElixirGolem,LittlePrince,b,0,16,18.80,16,yes,a cannot target b
ElixirGolem,MegaKnight,b,0,6,9.70,6,yes,a cannot target b
ElixirGolem,MegaMinion,b,0,6,8.60,6,yes,a cannot target b
ElixirGolem,MightyMiner,b,0,10,4.30,10,yes,a cannot target b
ElixirGolem,Miner,b,0,9,11.20,9,yes,a cannot target b
ElixirGolem,MiniPekka,b,0,3,4.30,3,yes,a cannot target b
ElixirGolem,MiniSparkys,b,0,14,30.00,14,yes,a cannot target b
ElixirGolem,MinionHorde,b,0,15,17.50,15,yes,a cannot target b
ElixirGolem,Minions,b,0,15,17.50,15,yes,a cannot target b
ElixirGolem,Monk,b,0,12,9.40,12,yes,a cannot target b
ElixirGolem,Mortar,a,6,4,20.07,0,,
ElixirGolem,MovingCannon,b,0,8,6.70,8,yes,a cannot target b
ElixirGolem,Musketeer,b,0,8,7.30,8,yes,a cannot target b
ElixirGolem,Musketeer_EV1,b,0,8,7.30,8,yes,a cannot target b
ElixirGolem,Pekka,b,0,2,3.10,2,yes,a cannot target b
ElixirGolem,Phoenix,b,0,8,7.40,8,yes,a cannot target b
ElixirGolem,Prince,b,0,5,6.50,5,yes,a cannot target b
ElixirGolem,PrincessTower,b,4,18,13.60,12,,
ElixirGolem,RageBarbarian,b,0,7,5.25,7,yes,a cannot target b
ElixirGolem,RamRider,neither,0,0,0.00,0,,neither can target the other
ElixirGolem,RascalGirl,b,0,13,12.50,13,yes,a cannot target b
ElixirGolem,Rascals,b,0,8,11.60,8,yes,a cannot target b
ElixirGolem,Ronin,b,0,5,6.60,5,yes,a cannot target b
ElixirGolem,RoyalGiant,neither,0,0,0.00,0,,neither can target the other
ElixirGolem,RoyalHogs,neither,0,0,0.00,0,,neither can target the other
ElixirGolem,RoyalRecruits,b,0,12,15.10,12,yes,a cannot target b
ElixirGolem,SkeletonArmy,b,0,20,21.70,20,yes,a cannot target b
ElixirGolem,SkeletonDragons,b,0,11,21.60,11,yes,a cannot target b
ElixirGolem,SkeletonKing,b,0,8,12.50,8,yes,a cannot target b
ElixirGolem,SkeletonWarriors,b,0,14,13.50,14,yes,a cannot target b
ElixirGolem,Skeletons,b,0,20,21.70,20,yes,a cannot target b
ElixirGolem,SpearGoblins,b,0,20,31.50,20,yes,a cannot target b
ElixirGolem,Tesla,b,2,8,8.40,6,,
ElixirGolem,ThreeMusketeers,b,0,8,9.80,8,yes,a cannot target b
ElixirGolem,Valkyrie,b,0,6,8.90,6,yes,a cannot target b
ElixirGolem,Wallbreakers,neither,0,0,0.00,0,,neither can target the other
ElixirGolem,Witch,b,0,12,12.50,12,yes,a cannot target b
ElixirGolem,WitchMother,b,0,12,11.70,12,yes,a cannot target b
ElixirGolem,Wizard,b,0,6,8.00,6,yes,a cannot target b
ElixirGolem,Wizard_EV1,b,0,6,8.00,6,yes,a cannot target b
ElixirGolem,Xbow,b,0,28,10.80,28,yes,
ElixirGolem,ZapMachine,b,0,2,7.00,2,yes,a cannot target b
ElixirGolem,goblinstein_doctor,b,0,12,21.10,12,yes,a cannot target b
ElixirGolem2,ElixirGolem4,neither,0,0,0.00,0,,neither can target the other
ElixirGolem2,FireSpirits,stalemate,0,1,300.00,0,,a cannot target b; neither dies inside five minutes
ElixirGolem2,Firecracker,b,0,12,35.35,12,yes,a cannot target b
ElixirGolem2,FirespiritHut,b,0,5,8.00,5,yes,a cannot target b
ElixirGolem2,Fisherman,b,0,4,5.10,4,yes,a cannot target b
ElixirGolem2,Ghost,b,0,3,4.80,3,yes,a cannot target b
ElixirGolem2,Giant,neither,0,0,0.00,0,,neither can target the other
ElixirGolem2,GiantBuffer,neither,0,0,0.00,0,,neither can target the other
ElixirGolem2,GiantSkeleton,b,0,3,3.60,3,yes,a cannot target b
ElixirGolem2,GoblinDemolisher,b,0,5,5.00,5,yes,a cannot target b
ElixirGolem2,GoblinGang,b,0,7,7.25,7,yes,a cannot target b
ElixirGolem2,GoblinGiant,neither,0,0,0.00,0,,neither can target the other
ElixirGolem2,GoblinMachine,b,0,4,4.30,4,yes,a cannot target b
ElixirGolem2,Goblins,b,0,7,7.25,7,yes,a cannot target b
ElixirGolem2,Goblinstein,neither,0,0,0.00,0,,neither can target the other
ElixirGolem2,GoldenKnight,b,0,5,4.30,5,yes,a cannot target b
ElixirGolem2,Golem,neither,0,0,0.00,0,,neither can target the other
ElixirGolem2,Golemite,neither,0,0,0.00,0,,neither can target the other
ElixirGolem2,Heal,stalemate,0,1,300.00,0,,a cannot target b; neither dies inside five minutes
ElixirGolem2,HogRider,neither,0,0,0.00,0,,neither can target the other
ElixirGolem2,IceGolemite,neither,0,0,0.00,0,,neither can target the other
ElixirGolem2,IceSpirits,stalemate,0,1,300.00,0,,a cannot target b; neither dies inside five minutes
ElixirGolem2,IceWizard,b,0,9,14.80,9,yes,a cannot target b
ElixirGolem2,InfernoDragon,b,0,8,4.00,8,yes,a cannot target b
ElixirGolem2,InfernoTower,b,0,7,3.60,7,yes,
ElixirGolem2,KingTower,b,2,9,8.50,6,,
ElixirGolem2,Knight,b,0,4,4.30,4,yes,a cannot target b
ElixirGolem2,LavaHound,neither,0,0,0.00,0,,neither can target the other
ElixirGolem2,LavaPups,b,0,10,16.00,10,yes,a cannot target b
ElixirGolem2,LittlePrince,b,0,8,9.20,8,yes,a cannot target b
ElixirGolem2,MegaKnight,b,0,3,4.60,3,yes,a cannot target b
ElixirGolem2,MegaMinion,b,0,3,4.10,3,yes,a cannot target b
ElixirGolem2,MightyMiner,b,0,7,3.10,7,yes,a cannot target b
ElixirGolem2,Miner,b,0,4,4.70,4,yes,a cannot target b
ElixirGolem2,MiniPekka,b,0,2,2.70,2,yes,a cannot target b
ElixirGolem2,MiniSparkys,b,0,7,14.60,7,yes,a cannot target b
ElixirGolem2,MinionHorde,b,0,8,9.10,8,yes,a cannot target b
ElixirGolem2,Minions,b,0,8,9.10,8,yes,a cannot target b
ElixirGolem2,Monk,b,0,6,4.60,6,yes,a cannot target b
ElixirGolem2,Mortar,b,2,3,13.10,2,,
ElixirGolem2,MovingCannon,b,0,4,3.10,4,yes,a cannot target b
ElixirGolem2,Musketeer,b,0,4,3.30,4,yes,a cannot target b
ElixirGolem2,Musketeer_EV1,b,0,4,3.30,4,yes,a cannot target b
ElixirGolem2,Pekka,b,0,1,1.30,1,yes,a cannot target b
ElixirGolem2,Phoenix,b,0,4,3.40,4,yes,a cannot target b
ElixirGolem2,Prince,b,0,2,2.30,2,yes,a cannot target b
ElixirGolem2,PrincessTower,b,0,9,6.40,9,yes,
ElixirGolem2,RageBarbarian,b,0,3,2.05,3,yes,a cannot target b
ElixirGolem2,RamRider,neither,0,0,0.00,0,,neither can target the other
ElixirGolem2,RascalGirl,b,0,7,6.50,7,yes,a cannot target b
ElixirGolem2,Rascals,b,0,4,5.60,4,yes,a cannot target b
ElixirGolem2,Ronin,b,0,3,3.80,3,yes,a cannot target b
ElixirGolem2,RoyalGiant,neither,0,0,0.00,0,,neither can target the other
ElixirGolem2,RoyalHogs,neither,0,0,0.00,0,,neither can target the other
ElixirGolem2,RoyalRecruits,b,0,6,7.30,6,yes,a cannot target b
ElixirGolem2,SkeletonArmy,b,0,10,10.70,10,yes,a cannot target b
ElixirGolem2,SkeletonDragons,b,0,6,11.60,6,yes,a cannot target b
ElixirGolem2,SkeletonKing,b,0,4,6.10,4,yes,a cannot target b
ElixirGolem2,SkeletonWarriors,b,0,7,6.50,7,yes,a cannot target b
ElixirGolem2,Skeletons,b,0,10,10.70,10,yes,a cannot target b
ElixirGolem2,SpearGoblins,b,0,10,15.50,10,yes,a cannot target b
ElixirGolem2,Tesla,b,0,4,4.00,4,yes,
ElixirGolem2,ThreeMusketeers,b,0,4,4.60,4,yes,a cannot target b
ElixirGolem2,Valkyrie,b,0,3,4.40,3,yes,a cannot target b
ElixirGolem2,Wallbreakers,neither,0,0,0.00,0,,neither can target the other
ElixirGolem2,Witch,b,0,6,5.90,6,yes,a cannot target b
ElixirGolem2,WitchMother,b,0,6,5.70,6,yes,a cannot target b
ElixirGolem2,Wizard,b,0,3,3.80,3,yes,a cannot target b
ElixirGolem2,Wizard_EV1,b,0,3,3.80,3,yes,a cannot target b
ElixirGolem2,Xbow,b,0,14,5.20,14,yes,
ElixirGolem2,ZapMachine,b,0,1,3.00,1,yes,a cannot target b
ElixirGolem2,goblinstein_doctor,b,0,6,10.30,6,yes,a cannot target b
ElixirGolem4,FireSpirits,stalemate,0,1,300.00,0,,a cannot target b; neither dies inside five minutes
ElixirGolem4,Firecracker,b,0,6,17.35,6,yes,a cannot target b
ElixirGolem4,FirespiritHut,b,0,3,4.60,3,yes,a cannot target b
ElixirGolem4,Fisherman,b,0,2,2.50,2,yes,a cannot target b
ElixirGolem4,Ghost,b,0,2,3.00,2,yes,a cannot target b
ElixirGolem4,Giant,neither,0,0,0.00,0,,neither can target the other
ElixirGolem4,GiantBuffer,neither,0,0,0.00,0,,neither can target the other
ElixirGolem4,GiantSkeleton,b,0,2,2.30,2,yes,a cannot target b
ElixirGolem4,GoblinDemolisher,b,0,2,1.70,2,yes,a cannot target b
ElixirGolem4,GoblinGang,b,0,3,2.85,3,yes,a cannot target b
ElixirGolem4,GoblinGiant,neither,0,0,0.00,0,,neither can target the other
ElixirGolem4,GoblinMachine,b,0,2,1.90,2,yes,a cannot target b
ElixirGolem4,Goblins,b,0,3,2.85,3,yes,a cannot target b
ElixirGolem4,Goblinstein,neither,0,0,0.00,0,,neither can target the other
ElixirGolem4,GoldenKnight,b,0,3,2.50,3,yes,a cannot target b
ElixirGolem4,Golem,neither,0,0,0.00,0,,neither can target the other
ElixirGolem4,Golemite,neither,0,0,0.00,0,,neither can target the other
ElixirGolem4,Heal,stalemate,0,1,300.00,0,,a cannot target b; neither dies inside five minutes
ElixirGolem4,HogRider,neither,0,0,0.00,0,,neither can target the other
ElixirGolem4,IceGolemite,neither,0,0,0.00,0,,neither can target the other
ElixirGolem4,IceSpirits,stalemate,0,1,300.00,0,,a cannot target b; neither dies inside five minutes
ElixirGolem4,IceWizard,b,0,5,8.00,5,yes,a cannot target b
ElixirGolem4,InfernoDragon,b,0,5,2.80,5,yes,a cannot target b
ElixirGolem4,InfernoTower,b,0,4,2.40,4,yes,
ElixirGolem4,KingTower,b,0,4,3.50,4,yes,
ElixirGolem4,Knight,b,0,2,1.90,2,yes,a cannot target b
ElixirGolem4,LavaHound,neither,0,0,0.00,0,,neither can target the other
ElixirGolem4,LavaPups,b,0,5,7.50,5,yes,a cannot target b
ElixirGolem4,LittlePrince,b,0,4,4.40,4,yes,a cannot target b
ElixirGolem4,MegaKnight,b,0,2,2.90,2,yes,a cannot target b
ElixirGolem4,MegaMinion,b,0,2,2.60,2,yes,a cannot target b
ElixirGolem4,MightyMiner,b,0,5,2.30,5,yes,a cannot target b
ElixirGolem4,Miner,b,0,2,2.10,2,yes,a cannot target b
ElixirGolem4,MiniPekka,b,0,1,1.10,1,yes,a cannot target b
ElixirGolem4,MiniSparkys,b,0,4,8.00,4,yes,a cannot target b
ElixirGolem4,MinionHorde,b,0,4,4.30,4,yes,a cannot target b
ElixirGolem4,Minions,b,0,4,4.30,4,yes,a cannot target b
ElixirGolem4,Monk,b,0,3,2.20,3,yes,a cannot target b
ElixirGolem4,Mortar,b,1,2,8.40,1,,
ElixirGolem4,MovingCannon,b,0,2,1.30,2,yes,a cannot target b
ElixirGolem4,Musketeer,b,0,2,1.30,2,yes,a cannot target b
ElixirGolem4,Musketeer_EV1,b,0,2,1.30,2,yes,a cannot target b
ElixirGolem4,Pekka,b,0,1,1.30,1,yes,a cannot target b
ElixirGolem4,Phoenix,b,0,2,1.40,2,yes,a cannot target b
ElixirGolem4,Prince,b,0,1,0.90,1,yes,a cannot target b
ElixirGolem4,PrincessTower,b,0,4,2.40,4,yes,
ElixirGolem4,RageBarbarian,b,0,2,1.25,2,yes,a cannot target b
ElixirGolem4,RamRider,neither,0,0,0.00,0,,neither can target the other
ElixirGolem4,RascalGirl,b,0,3,2.50,3,yes,a cannot target b
ElixirGolem4,Rascals,b,0,2,2.60,2,yes,a cannot target b
ElixirGolem4,Ronin,b,0,1,1.00,1,yes,a cannot target b
ElixirGolem4,RoyalGiant,neither,0,0,0.00,0,,neither can target the other
ElixirGolem4,RoyalHogs,neither,0,0,0.00,0,,neither can target the other
ElixirGolem4,RoyalRecruits,b,0,3,3.40,3,yes,a cannot target b
ElixirGolem4,SkeletonArmy,b,0,5,5.20,5,yes,a cannot target b
ElixirGolem4,SkeletonDragons,b,0,3,5.60,3,yes,a cannot target b
ElixirGolem4,SkeletonKing,b,0,2,2.90,2,yes,a cannot target b
ElixirGolem4,SkeletonWarriors,b,0,4,3.50,4,yes,a cannot target b
ElixirGolem4,Skeletons,b,0,5,5.20,5,yes,a cannot target b
ElixirGolem4,SpearGoblins,b,0,5,7.50,5,yes,a cannot target b
ElixirGolem4,Tesla,b,0,2,1.80,2,yes,
ElixirGolem4,ThreeMusketeers,b,0,2,2.00,2,yes,a cannot target b
ElixirGolem4,Valkyrie,b,0,2,2.90,2,yes,a cannot target b
ElixirGolem4,Wallbreakers,neither,0,0,0.00,0,,neither can target the other
ElixirGolem4,Witch,b,0,3,2.60,3,yes,a cannot target b
ElixirGolem4,WitchMother,b,0,3,2.70,3,yes,a cannot target b
ElixirGolem4,Wizard,b,0,2,2.40,2,yes,a cannot target b
ElixirGolem4,Wizard_EV1,b,0,2,2.40,2,yes,a cannot target b
ElixirGolem4,Xbow,b,0,7,2.40,7,yes,
ElixirGolem4,ZapMachine,b,0,1,3.00,1,yes,a cannot target b
ElixirGolem4,goblinstein_doctor,b,0,3,4.90,3,yes,a cannot target b
FireSpirits,Firecracker,b,1,4,11.35,0,,
FireSpirits,FirespiritHut,b,1,2,2.90,1,,
FireSpirits,Fisherman,b,1,2,3.80,0,,
FireSpirits,Ghost,b,1,1,2.07,0,,
FireSpirits,Giant,stalemate,1,0,300.00,0,,b cannot target a; neither dies inside five minutes
FireSpirits,GiantBuffer,stalemate,1,0,300.00,0,,b cannot target a; neither dies inside five minutes
FireSpirits,GiantSkeleton,b,1,1,2.70,0,,
FireSpirits,GoblinDemolisher,b,1,2,1.70,1,,
FireSpirits,GoblinGang,a,1,0,0.10,1,yes,
FireSpirits,GoblinGiant,stalemate,1,0,300.00,0,,b cannot target a; neither dies inside five minutes
FireSpirits,GoblinMachine,b,1,1,2.00,0,,
FireSpirits,Goblins,a,1,0,0.10,1,yes,
FireSpirits,Goblinstein,stalemate,1,0,300.00,0,,b cannot target a; neither dies inside five minutes
FireSpirits,GoldenKnight,b,1,2,2.90,0,,
FireSpirits,Golem,stalemate,1,0,300.00,0,,b cannot target a; neither dies inside five minutes
FireSpirits,Golemite,stalemate,1,0,300.00,0,,b cannot target a; neither dies inside five minutes
FireSpirits,Heal,stalemate,1,1,300.00,0,,neither dies inside five minutes
FireSpirits,HogRider,stalemate,1,0,300.00,0,,b cannot target a; neither dies inside five minutes
FireSpirits,IceGolemite,stalemate,1,0,300.00,0,,b cannot target a; neither dies inside five minutes
FireSpirits,IceSpirits,stalemate,1,1,300.00,0,,neither dies inside five minutes
FireSpirits,IceWizard,b,1,3,4.60,1,,
FireSpirits,InfernoDragon,b,1,4,2.40,0,,
FireSpirits,InfernoTower,b,1,3,2.00,2,,
FireSpirits,KingTower,b,1,3,2.50,2,,
FireSpirits,Knight,b,1,2,3.20,0,,
FireSpirits,LavaHound,stalemate,1,0,300.00,0,,b cannot target a; neither dies inside five minutes
FireSpirits,LavaPups,b,1,3,5.00,0,,
FireSpirits,LittlePrince,b,1,3,3.20,1,,
FireSpirits,MegaKnight,b,1,1,2.50,0,,
FireSpirits,MegaMinion,b,1,1,2.00,0,,
FireSpirits,MightyMiner,b,1,5,3.20,0,,
FireSpirits,Miner,b,1,2,2.97,0,,
FireSpirits,MiniPekka,b,1,1,2.23,0,,
FireSpirits,MiniSparkys,b,1,2,3.60,0,,
FireSpirits,MinionHorde,b,1,3,3.10,0,,
FireSpirits,Minions,b,1,3,3.10,0,,
FireSpirits,Monk,b,1,2,2.70,0,,
FireSpirits,Mortar,b,0,1,3.70,1,yes,
FireSpirits,MovingCannon,b,0,2,1.30,2,yes,
FireSpirits,Musketeer,b,0,1,0.30,1,yes,
FireSpirits,Musketeer_EV1,b,0,1,0.30,1,yes,
FireSpirits,Pekka,b,1,1,3.03,0,,
FireSpirits,Phoenix,b,1,1,1.30,0,,
FireSpirits,Prince,b,1,1,1.80,0,,
FireSpirits,PrincessTower,b,0,3,1.60,3,yes,
FireSpirits,RageBarbarian,b,1,1,1.30,0,,
FireSpirits,RamRider,stalemate,1,0,300.00,0,,b cannot target a; neither dies inside five minutes
FireSpirits,RascalGirl,b,1,2,1.50,1,,
FireSpirits,Rascals,b,1,1,2.80,0,,
FireSpirits,Ronin,b,1,1,1.87,0,,
FireSpirits,RoyalGiant,stalemate,1,0,300.00,0,,b cannot target a; neither dies inside five minutes
FireSpirits,RoyalHogs,stalemate,1,0,300.00,0,,b cannot target a; neither dies inside five minutes
FireSpirits,RoyalRecruits,b,1,2,3.00,0,,
FireSpirits,SkeletonArmy,a,1,0,0.10,1,yes,
FireSpirits,SkeletonDragons,b,1,2,3.60,0,,
FireSpirits,SkeletonKing,b,1,2,4.20,0,,
FireSpirits,SkeletonWarriors,b,1,2,2.10,0,,
FireSpirits,Skeletons,a,1,0,0.10,1,yes,
FireSpirits,SpearGoblins,a,1,1,1.35,0,,
FireSpirits,Tesla,b,0,1,0.70,1,yes,
FireSpirits,ThreeMusketeers,b,1,2,2.00,1,,
FireSpirits,Valkyrie,b,1,1,2.70,0,,
FireSpirits,Wallbreakers,stalemate,1,0,300.00,0,,b cannot target a; neither dies inside five minutes
FireSpirits,Witch,b,0,2,1.50,2,yes,
FireSpirits,WitchMother,b,1,2,1.70,1,,
FireSpirits,Wizard,b,0,1,1.00,1,yes,
FireSpirits,Wizard_EV1,b,0,1,1.00,1,yes,
FireSpirits,Xbow,b,0,4,1.20,4,yes,
FireSpirits,ZapMachine,b,1,1,3.00,0,,
FireSpirits,goblinstein_doctor,b,1,2,3.10,1,,
Firecracker,FirespiritHut,b,1,2,3.40,1,,
Firecracker,Fisherman,b,2,2,7.30,0,,
Firecracker,Ghost,b,2,2,6.20,0,,
Firecracker,Giant,a,62,0,185.35,62,yes,b cannot target a
Firecracker,GiantBuffer,a,44,0,131.35,44,yes,b cannot target a
Firecracker,GiantSkeleton,b,2,2,7.50,0,,
Firecracker,GoblinDemolisher,b,1,2,2.70,1,,
Firecracker,GoblinGang,b,2,3,5.45,0,,
Firecracker,GoblinGiant,a,49,0,146.35,49,yes,b cannot target a
Firecracker,GoblinMachine,b,2,2,6.70,0,,
Firecracker,Goblins,b,2,3,5.45,0,,
Firecracker,Goblinstein,a,38,0,113.35,38,yes,b cannot target a
Firecracker,GoldenKnight,b,2,2,6.40,0,,
Firecracker,Golem,a,80,0,239.35,80,yes,b cannot target a
Firecracker,Golemite,a,17,0,50.35,17,yes,b cannot target a
Firecracker,Heal,a,4,1,11.35,0,,
Firecracker,HogRider,a,27,0,80.35,27,yes,b cannot target a
Firecracker,IceGolemite,a,21,0,62.35,21,yes,b cannot target a
Firecracker,IceSpirits,a,4,1,11.35,0,,
Firecracker,IceWizard,b,2,4,6.80,1,,
Firecracker,InfernoDragon,b,1,4,4.90,0,,
Firecracker,InfernoTower,b,1,4,2.40,3,,
Firecracker,KingTower,b,1,4,3.50,3,,
Firecracker,Knight,b,2,2,6.70,0,,
Firecracker,LavaHound,a,56,0,167.35,56,yes,b cannot target a
Firecracker,LavaPups,b,3,4,10.20,0,,
Firecracker,LittlePrince,b,1,3,3.70,1,,
Firecracker,MegaKnight,b,2,2,7.70,0,,
Firecracker,MegaMinion,b,2,1,5.50,0,,
Firecracker,MightyMiner,b,2,5,6.70,0,,
Firecracker,Miner,b,1,2,5.30,0,,
Firecracker,MiniPekka,b,1,1,4.57,0,,
Firecracker,MiniSparkys,b,2,3,7.30,0,,
Firecracker,MinionHorde,b,2,3,5.43,0,,
Firecracker,Minions,b,2,3,5.43,0,,
Firecracker,Monk,b,2,3,7.00,0,,
Firecracker,Mortar,b,1,2,8.40,1,,
Firecracker,MovingCannon,b,0,2,1.80,2,yes,
Firecracker,Musketeer,b,0,2,1.30,2,yes,
Firecracker,Musketeer_EV1,b,0,2,1.30,2,yes,
Firecracker,Pekka,b,2,1,7.70,0,,
Firecracker,Phoenix,b,2,2,5.80,0,,
Firecracker,Prince,b,1,1,5.30,0,,
Firecracker,PrincessTower,b,0,4,2.40,4,yes,
Firecracker,RageBarbarian,b,1,2,3.85,0,,
Firecracker,RamRider,a,28,0,83.35,28,yes,b cannot target a
Firecracker,RascalGirl,b,1,3,3.50,1,,
Firecracker,Rascals,b,2,2,7.80,0,,
Firecracker,Ronin,b,1,1,4.20,0,,
Firecracker,RoyalGiant,a,50,0,149.35,50,yes,b cannot target a
Firecracker,RoyalHogs,a,14,0,41.35,14,yes,b cannot target a
Firecracker,RoyalRecruits,b,2,3,7.80,0,,
Firecracker,SkeletonArmy,a,2,1,5.35,1,,
Firecracker,SkeletonDragons,b,2,3,7.27,0,,
Firecracker,SkeletonKing,b,2,2,7.70,0,,
Firecracker,SkeletonWarriors,b,2,3,5.43,0,,
Firecracker,Skeletons,a,2,1,5.35,1,,
Firecracker,SpearGoblins,b,2,4,6.40,1,,
Firecracker,Tesla,a,19,0,56.35,19,yes,b is out-reached and cannot close
Firecracker,ThreeMusketeers,b,0,2,2.00,2,yes,
Firecracker,Valkyrie,b,2,2,7.70,0,,
Firecracker,Wallbreakers,a,6,0,17.35,6,yes,b cannot target a
Firecracker,Witch,b,1,3,3.10,2,,
Firecracker,WitchMother,b,1,3,3.20,2,,
Firecracker,Wizard,b,1,2,2.90,1,,
Firecracker,Wizard_EV1,b,1,2,2.90,1,,
Firecracker,Xbow,b,0,6,2.00,6,yes,
Firecracker,ZapMachine,b,1,1,4.33,0,,
Firecracker,goblinstein_doctor,b,2,3,5.40,1,,
FirespiritHut,Fisherman,a,5,2,8.00,3,,
FirespiritHut,Ghost,b,4,3,7.67,0,,
FirespiritHut,Giant,a,23,0,38.60,23,yes,b cannot target a
FirespiritHut,GiantBuffer,a,16,0,26.70,16,yes,b cannot target a
FirespiritHut,GiantSkeleton,b,5,3,8.30,0,,
FirespiritHut,GoblinDemolisher,b,2,4,4.40,1,,
FirespiritHut,GoblinGang,a,2,0,2.90,2,yes,
FirespiritHut,GoblinGiant,a,18,0,30.10,18,yes,b cannot target a
FirespiritHut,GoblinMachine,b,5,4,8.60,0,,
FirespiritHut,Goblins,a,2,0,2.90,2,yes,
FirespiritHut,Goblinstein,a,14,0,23.30,14,yes,b cannot target a
FirespiritHut,GoldenKnight,b,5,5,8.60,0,,
FirespiritHut,Golem,a,29,0,48.80,29,yes,b cannot target a
FirespiritHut,Golemite,a,6,0,9.70,6,yes,b cannot target a
FirespiritHut,Heal,a,2,1,2.90,1,,
FirespiritHut,HogRider,a,10,0,16.50,10,yes,b cannot target a
FirespiritHut,IceGolemite,a,8,0,13.10,8,yes,b cannot target a
FirespiritHut,IceSpirits,a,2,1,2.90,1,,
FirespiritHut,IceWizard,a,4,4,6.30,1,,
FirespiritHut,InfernoDragon,b,3,8,6.00,0,,
FirespiritHut,InfernoTower,b,2,7,3.60,2,,
FirespiritHut,KingTower,b,3,8,7.50,3,,
FirespiritHut,Knight,b,5,4,8.60,0,,
FirespiritHut,LavaHound,a,21,0,35.20,21,yes,b cannot target a
FirespiritHut,LavaPups,a,2,0,2.90,2,yes,
FirespiritHut,LittlePrince,a,4,5,6.30,0,,
FirespiritHut,MegaKnight,b,5,3,8.90,0,,
FirespiritHut,MegaMinion,both,5,3,8.00,0,,they kill each other on the same tick
FirespiritHut,MightyMiner,b,4,7,7.00,0,,
FirespiritHut,Miner,b,4,4,7.57,0,,
FirespiritHut,MiniPekka,b,2,1,4.23,0,,
FirespiritHut,MiniSparkys,a,3,2,4.60,1,,
FirespiritHut,MinionHorde,a,2,1,2.90,1,,
FirespiritHut,Minions,a,2,1,2.90,1,,
FirespiritHut,Monk,b,5,6,8.90,0,,
FirespiritHut,Mortar,b,4,3,13.10,1,,
FirespiritHut,MovingCannon,b,2,4,3.10,1,,
FirespiritHut,Musketeer,b,1,4,3.30,2,,
FirespiritHut,Musketeer_EV1,b,1,4,3.30,2,,
FirespiritHut,Pekka,b,4,1,7.03,0,,
FirespiritHut,Phoenix,b,4,4,7.30,0,,
FirespiritHut,Prince,b,3,2,6.20,0,,
FirespiritHut,PrincessTower,b,2,8,5.60,4,,
FirespiritHut,RageBarbarian,b,2,3,4.40,0,,
FirespiritHut,RamRider,a,10,0,16.50,10,yes,b cannot target a
FirespiritHut,RascalGirl,a,2,2,2.90,0,,
FirespiritHut,Rascals,b,6,4,10.30,0,,
FirespiritHut,Ronin,b,3,2,5.27,0,,
FirespiritHut,RoyalGiant,a,18,0,30.10,18,yes,b cannot target a
FirespiritHut,RoyalHogs,a,5,0,8.00,5,yes,b cannot target a
FirespiritHut,RoyalRecruits,a,6,4,9.70,3,,
FirespiritHut,SkeletonArmy,a,1,0,1.20,1,yes,
FirespiritHut,SkeletonDragons,a,4,2,6.30,2,,
FirespiritHut,SkeletonKing,b,6,4,10.40,0,,
FirespiritHut,SkeletonWarriors,a,3,2,4.60,2,,
FirespiritHut,Skeletons,a,1,0,1.20,1,yes,
FirespiritHut,SpearGoblins,a,1,0,1.20,1,yes,
FirespiritHut,Tesla,b,2,4,4.00,1,,
FirespiritHut,ThreeMusketeers,b,2,4,4.60,1,,
FirespiritHut,Valkyrie,b,5,3,8.70,0,,
FirespiritHut,Wallbreakers,a,2,0,2.90,2,yes,b cannot target a
FirespiritHut,Witch,b,3,6,5.90,1,,
FirespiritHut,WitchMother,a,3,4,4.60,0,,
FirespiritHut,Wizard,b,2,3,3.80,1,,
FirespiritHut,Wizard_EV1,b,2,3,3.80,1,,
FirespiritHut,Xbow,b,0,13,4.80,13,yes,
FirespiritHut,ZapMachine,b,2,1,3.67,0,,
FirespiritHut,goblinstein_doctor,a,5,4,8.00,1,,
Fisherman,Ghost,b,0,4,6.60,4,yes,a cannot target b
Fisherman,Giant,a,21,0,27.20,21,yes,b cannot target a
Fisherman,GiantBuffer,a,15,0,19.40,15,yes,b cannot target a
Fisherman,GiantSkeleton,b,4,4,5.30,0,,
Fisherman,GoblinDemolisher,b,1,5,5.00,4,,
Fisherman,GoblinGang,a,2,2,2.50,0,,
Fisherman,GoblinGiant,a,17,0,22.00,17,yes,b cannot target a
Fisherman,GoblinMachine,b,3,4,4.30,1,,
Fisherman,Goblins,a,2,2,2.50,0,,
Fisherman,Goblinstein,a,13,0,16.80,13,yes,b cannot target a
Fisherman,GoldenKnight,b,4,6,5.20,1,,
Fisherman,Golem,a,27,0,35.00,27,yes,b cannot target a
Fisherman,Golemite,a,6,0,7.70,6,yes,b cannot target a
Fisherman,Heal,a,2,1,3.80,0,,
Fisherman,HogRider,a,9,0,11.60,9,yes,b cannot target a
Fisherman,IceGolemite,a,7,0,9.00,7,yes,b cannot target a
Fisherman,IceSpirits,a,2,1,3.80,0,,
Fisherman,IceWizard,a,4,5,9.40,0,,
Fisherman,InfernoDragon,b,0,8,4.00,8,yes,a cannot target b
Fisherman,InfernoTower,b,0,7,3.60,7,yes,
Fisherman,KingTower,b,2,10,9.50,7,,
Fisherman,Knight,b,4,5,5.50,1,,
Fisherman,LavaHound,neither,0,0,0.00,0,,neither can target the other
Fisherman,LavaPups,b,0,11,17.70,11,yes,a cannot target b
Fisherman,LittlePrince,a,4,8,9.40,0,,
Fisherman,MegaKnight,b,4,4,6.30,0,,
Fisherman,MegaMinion,b,0,3,4.10,3,yes,a cannot target b
Fisherman,MightyMiner,b,2,8,3.50,3,,
Fisherman,Miner,b,4,5,6.00,1,,
Fisherman,MiniPekka,b,2,2,2.97,0,,
Fisherman,MiniSparkys,a,3,3,7.10,0,,
Fisherman,MinionHorde,b,0,9,10.30,9,yes,a cannot target b
Fisherman,Minions,b,0,9,10.30,9,yes,a cannot target b
Fisherman,Monk,b,4,7,5.40,1,,
Fisherman,Mortar,b,5,4,17.80,2,,
Fisherman,MovingCannon,b,0,5,4.00,5,yes,
Fisherman,Musketeer,b,0,5,4.30,5,yes,
Fisherman,Musketeer_EV1,b,0,5,4.30,5,yes,
Fisherman,Pekka,b,2,2,3.10,0,,
Fisherman,Phoenix,b,0,5,4.40,5,yes,a cannot target b
Fisherman,Prince,b,2,3,3.70,1,,
Fisherman,PrincessTower,b,0,10,7.20,10,yes,
Fisherman,RageBarbarian,b,2,4,3.05,1,,
Fisherman,RamRider,a,10,0,12.90,10,yes,b cannot target a
Fisherman,RascalGirl,a,2,6,6.30,0,,
Fisherman,Rascals,b,5,5,7.50,0,,
Fisherman,Ronin,b,3,3,3.80,1,,
Fisherman,RoyalGiant,a,17,0,25.80,17,yes,b cannot target a
Fisherman,RoyalHogs,a,5,0,6.40,5,yes,b cannot target a
Fisherman,RoyalRecruits,a,5,5,6.80,0,,
Fisherman,SkeletonArmy,a,1,1,1.20,0,,
Fisherman,SkeletonDragons,b,0,6,11.60,6,yes,a cannot target b
Fisherman,SkeletonKing,b,6,5,7.70,0,,
Fisherman,SkeletonWarriors,a,3,4,4.20,0,,
Fisherman,Skeletons,a,1,1,1.20,0,,
Fisherman,SpearGoblins,a,1,3,5.00,0,,
Fisherman,Tesla,b,0,4,4.00,4,yes,
Fisherman,ThreeMusketeers,b,0,5,5.90,5,yes,
Fisherman,Valkyrie,b,4,4,5.90,0,,
Fisherman,Wallbreakers,a,2,0,2.50,2,yes,b cannot target a
Fisherman,Witch,b,2,7,7.00,5,,
Fisherman,WitchMother,b,1,7,6.70,5,,
Fisherman,Wizard,b,0,4,5.20,4,yes,
Fisherman,Wizard_EV1,b,0,4,5.20,4,yes,
Fisherman,Xbow,b,0,15,5.60,15,yes,
Fisherman,ZapMachine,b,0,1,3.00,1,yes,
Fisherman,goblinstein_doctor,a,4,5,9.40,0,,
Ghost,Giant,a,16,0,28.20,16,yes,b cannot target a
Ghost,GiantBuffer,a,11,0,19.20,11,yes,b cannot target a
Ghost,GiantSkeleton,a,13,0,22.80,13,yes,b cannot target a
Ghost,GoblinDemolisher,a,5,0,10.93,5,yes,b cannot target a
Ghost,GoblinGang,a,1,0,1.20,1,yes,b cannot target a
Ghost,GoblinGiant,a,12,0,21.00,12,yes,b cannot target a
Ghost,GoblinMachine,a,9,0,15.60,9,yes,b cannot target a
Ghost,Goblins,a,1,0,1.20,1,yes,b cannot target a
Ghost,Goblinstein,a,10,0,17.40,10,yes,b cannot target a
Ghost,GoldenKnight,a,7,0,12.00,7,yes,b cannot target a
Ghost,Golem,a,20,0,35.40,20,yes,b cannot target a
Ghost,Golemite,a,4,0,6.60,4,yes,b cannot target a
Ghost,Heal,a,1,1,2.07,0,,
Ghost,HogRider,a,7,0,12.00,7,yes,b cannot target a
Ghost,IceGolemite,a,6,0,10.20,6,yes,b cannot target a
Ghost,IceSpirits,a,1,1,2.07,0,,
Ghost,IceWizard,a,3,4,7.67,0,,
Ghost,InfernoDragon,b,0,9,4.40,9,yes,a cannot target b
Ghost,InfernoTower,b,0,8,4.00,8,yes,
Ghost,KingTower,b,5,14,13.50,5,,
Ghost,Knight,a,7,0,12.00,7,yes,b cannot target a
Ghost,LavaHound,neither,0,0,0.00,0,,neither can target the other
Ghost,LavaPups,b,0,15,24.50,15,yes,a cannot target b
Ghost,LittlePrince,a,3,6,7.67,0,,
Ghost,MegaKnight,a,16,0,28.20,16,yes,b cannot target a
Ghost,MegaMinion,b,0,4,5.60,4,yes,a cannot target b
Ghost,MightyMiner,a,9,0,15.87,9,yes,b cannot target a
Ghost,Miner,a,5,0,8.40,5,yes,b cannot target a
Ghost,MiniPekka,a,6,0,10.20,6,yes,b cannot target a
Ghost,MiniSparkys,a,3,3,7.00,0,,
Ghost,MinionHorde,b,0,12,13.90,12,yes,a cannot target b
Ghost,Minions,b,0,12,13.90,12,yes,a cannot target b
Ghost,Monk,a,9,0,15.60,9,yes,b cannot target a
Ghost,Mortar,a,6,0,17.07,6,yes,b cannot target a
Ghost,MovingCannon,a,7,0,14.87,7,yes,b cannot target a
Ghost,Musketeer,b,1,6,5.30,5,,
Ghost,Musketeer_EV1,b,1,6,5.30,5,,
Ghost,Pekka,a,15,0,26.40,15,yes,b cannot target a
Ghost,Phoenix,b,0,6,5.40,6,yes,a cannot target b
Ghost,Prince,a,8,0,14.07,8,yes,b cannot target a
Ghost,PrincessTower,b,3,14,10.40,7,,
Ghost,RageBarbarian,a,5,0,8.40,5,yes,b cannot target a
Ghost,RamRider,a,7,0,12.00,7,yes,b cannot target a
Ghost,RascalGirl,a,1,4,3.73,0,,
Ghost,Rascals,a,8,0,13.80,8,yes,b cannot target a
Ghost,Ronin,a,7,0,12.00,7,yes,b cannot target a
Ghost,RoyalGiant,a,13,0,25.33,13,yes,b cannot target a
Ghost,RoyalHogs,a,4,0,6.60,4,yes,b cannot target a
Ghost,RoyalRecruits,a,4,0,6.87,4,yes,b cannot target a
Ghost,SkeletonArmy,a,1,0,1.20,1,yes,b cannot target a
Ghost,SkeletonDragons,b,0,9,17.60,9,yes,a cannot target b
Ghost,SkeletonKing,a,9,0,15.60,9,yes,b cannot target a
Ghost,SkeletonWarriors,a,2,0,3.27,2,yes,b cannot target a
Ghost,Skeletons,a,1,0,1.20,1,yes,b cannot target a
Ghost,SpearGoblins,a,1,2,3.73,0,,
Ghost,Tesla,b,2,6,6.20,4,,
Ghost,ThreeMusketeers,b,2,6,7.20,3,,
Ghost,Valkyrie,a,8,0,13.80,8,yes,b cannot target a
Ghost,Wallbreakers,a,2,0,3.00,2,yes,b cannot target a
Ghost,Witch,b,3,9,9.20,4,,
Ghost,WitchMother,a,3,7,7.67,0,,
Ghost,Wizard,b,2,5,6.60,3,,
Ghost,Wizard_EV1,b,2,5,6.60,3,,
Ghost,Xbow,a,7,0,18.87,7,yes,b cannot target a
Ghost,ZapMachine,a,6,0,12.73,6,yes,b cannot target a
Ghost,goblinstein_doctor,a,3,4,7.67,0,,
Giant,GiantBuffer,neither,0,0,0.00,0,,neither can target the other
Giant,GiantSkeleton,b,0,15,19.60,15,yes,a cannot target b
Giant,GoblinDemolisher,b,0,22,23.70,22,yes,a cannot target b
Giant,GoblinGang,b,0,32,34.95,32,yes,a cannot target b
Giant,GoblinGiant,neither,0,0,0.00,0,,neither can target the other
Giant,GoblinMachine,b,0,18,21.10,18,yes,a cannot target b
Giant,Goblins,b,0,32,34.95,32,yes,a cannot target b
Giant,Goblinstein,neither,0,0,0.00,0,,neither can target the other
Giant,GoldenKnight,b,0,25,22.30,25,yes,a cannot target b
Giant,Golem,neither,0,0,0.00,0,,neither can target the other
Giant,Golemite,neither,0,0,0.00,0,,neither can target the other
Giant,Heal,stalemate,0,1,300.00,0,,a cannot target b; neither dies inside five minutes
Giant,HogRider,neither,0,0,0.00,0,,neither can target the other
Giant,IceGolemite,neither,0,0,0.00,0,,neither can target the other
Giant,IceSpirits,stalemate,0,1,300.00,0,,a cannot target b; neither dies inside five minutes
Giant,IceWizard,b,0,45,76.00,45,yes,a cannot target b
Giant,InfernoDragon,b,0,15,6.80,15,yes,a cannot target b
Giant,InfernoTower,b,0,11,5.20,11,yes,
Giant,KingTower,a,17,33,32.73,0,,
Giant,Knight,b,0,20,23.50,20,yes,a cannot target b
Giant,LavaHound,neither,0,0,0.00,0,,neither can target the other
Giant,LavaPups,b,0,49,82.30,49,yes,a cannot target b
Giant,LittlePrince,b,0,39,46.40,39,yes,a cannot target b
Giant,MegaKnight,b,0,15,25.00,15,yes,a cannot target b
Giant,MegaMinion,b,0,13,19.10,13,yes,a cannot target b
Giant,MightyMiner,b,0,16,6.70,16,yes,a cannot target b
Giant,Miner,b,0,21,26.80,21,yes,a cannot target b
Giant,MiniPekka,b,0,6,9.37,6,yes,a cannot target b
Giant,MiniSparkys,b,0,34,74.00,34,yes,a cannot target b
Giant,MinionHorde,b,0,38,45.10,38,yes,a cannot target b
Giant,Minions,b,0,38,45.10,38,yes,a cannot target b
Giant,Monk,b,0,29,23.00,29,yes,a cannot target b
Giant,Mortar,a,6,4,22.23,0,,
Giant,MovingCannon,b,0,19,16.60,19,yes,a cannot target b
Giant,Musketeer,b,0,19,18.30,19,yes,a cannot target b
Giant,Musketeer_EV1,b,0,19,18.30,19,yes,a cannot target b
Giant,Pekka,b,0,5,8.50,5,yes,a cannot target b
Giant,Phoenix,b,0,19,18.40,19,yes,a cannot target b
Giant,Prince,b,0,11,14.90,11,yes,a cannot target b
Giant,PrincessTower,a,11,31,24.40,0,,
Giant,RageBarbarian,b,0,16,12.65,16,yes,a cannot target b
Giant,RamRider,neither,0,0,0.00,0,,neither can target the other
Giant,RascalGirl,b,0,32,31.50,32,yes,a cannot target b
Giant,Rascals,b,0,19,28.50,19,yes,a cannot target b
Giant,Ronin,b,0,11,15.00,11,yes,a cannot target b
Giant,RoyalGiant,neither,0,0,0.00,0,,neither can target the other
Giant,RoyalHogs,neither,0,0,0.00,0,,neither can target the other
Giant,RoyalRecruits,b,0,30,38.50,30,yes,a cannot target b
Giant,SkeletonArmy,b,0,49,53.87,49,yes,a cannot target b
Giant,SkeletonDragons,b,0,27,53.60,27,yes,a cannot target b
Giant,SkeletonKing,b,0,20,31.70,20,yes,a cannot target b
Giant,SkeletonWarriors,b,0,34,33.50,34,yes,a cannot target b
Giant,Skeletons,b,0,49,53.87,49,yes,a cannot target b
Giant,SpearGoblins,b,0,49,77.90,49,yes,a cannot target b
Giant,Tesla,a,5,11,12.73,0,,
Giant,ThreeMusketeers,b,0,20,25.40,20,yes,a cannot target b
Giant,Valkyrie,b,0,15,22.40,15,yes,a cannot target b
Giant,Wallbreakers,neither,0,0,0.00,0,,neither can target the other
Giant,Witch,b,0,30,32.30,30,yes,a cannot target b
Giant,WitchMother,b,0,30,29.70,30,yes,a cannot target b
Giant,Wizard,b,0,15,20.60,15,yes,a cannot target b
Giant,Wizard_EV1,b,0,15,20.60,15,yes,a cannot target b
Giant,Xbow,a,7,60,23.73,0,,
Giant,ZapMachine,b,0,3,11.00,3,yes,a cannot target b
Giant,goblinstein_doctor,b,0,30,53.50,30,yes,a cannot target b
GiantBuffer,GiantSkeleton,b,0,11,14.40,11,yes,a cannot target b
GiantBuffer,GoblinDemolisher,b,0,16,17.10,16,yes,a cannot target b
GiantBuffer,GoblinGang,b,0,23,25.05,23,yes,a cannot target b
GiantBuffer,GoblinGiant,neither,0,0,0.00,0,,neither can target the other
GiantBuffer,GoblinMachine,b,0,13,15.10,13,yes,a cannot target b
GiantBuffer,Goblins,b,0,23,25.05,23,yes,a cannot target b
GiantBuffer,Goblinstein,neither,0,0,0.00,0,,neither can target the other
GiantBuffer,GoldenKnight,b,0,18,16.00,18,yes,a cannot target b
GiantBuffer,Golem,neither,0,0,0.00,0,,neither can target the other
GiantBuffer,Golemite,neither,0,0,0.00,0,,neither can target the other
GiantBuffer,Heal,stalemate,0,1,300.00,0,,a cannot target b; neither dies inside five minutes
GiantBuffer,HogRider,neither,0,0,0.00,0,,neither can target the other
GiantBuffer,IceGolemite,neither,0,0,0.00,0,,neither can target the other
GiantBuffer,IceSpirits,stalemate,0,1,300.00,0,,a cannot target b; neither dies inside five minutes
GiantBuffer,IceWizard,b,0,32,53.90,32,yes,a cannot target b
GiantBuffer,InfernoDragon,b,0,13,6.00,13,yes,a cannot target b
GiantBuffer,InfernoTower,b,0,10,4.80,10,yes,
GiantBuffer,KingTower,b,16,31,30.50,7,,
GiantBuffer,Knight,b,0,14,16.30,14,yes,a cannot target b
GiantBuffer,LavaHound,neither,0,0,0.00,0,,neither can target the other
GiantBuffer,LavaPups,b,0,35,58.50,35,yes,a cannot target b
GiantBuffer,LittlePrince,b,0,28,33.20,28,yes,a cannot target b
GiantBuffer,MegaKnight,b,0,11,18.20,11,yes,a cannot target b
GiantBuffer,MegaMinion,b,0,10,14.60,10,yes,a cannot target b
GiantBuffer,MightyMiner,b,0,13,5.50,13,yes,a cannot target b
GiantBuffer,Miner,b,0,15,19.00,15,yes,a cannot target b
GiantBuffer,MiniPekka,b,0,4,6.17,4,yes,a cannot target b
GiantBuffer,MiniSparkys,b,0,25,54.20,25,yes,a cannot target b
GiantBuffer,MinionHorde,b,0,27,31.90,27,yes,a cannot target b
GiantBuffer,Minions,b,0,27,31.90,27,yes,a cannot target b
GiantBuffer,Monk,b,0,21,16.60,21,yes,a cannot target b
GiantBuffer,Mortar,a,9,5,23.30,0,,
GiantBuffer,MovingCannon,b,0,14,12.10,14,yes,a cannot target b
GiantBuffer,Musketeer,b,0,13,12.30,13,yes,a cannot target b
GiantBuffer,Musketeer_EV1,b,0,13,12.30,13,yes,a cannot target b
GiantBuffer,Pekka,b,0,4,6.70,4,yes,a cannot target b
GiantBuffer,Phoenix,b,0,13,12.40,13,yes,a cannot target b
GiantBuffer,Prince,b,0,8,10.70,8,yes,a cannot target b
GiantBuffer,PrincessTower,b,12,31,24.00,10,,
GiantBuffer,RageBarbarian,b,0,11,8.65,11,yes,a cannot target b
GiantBuffer,RamRider,neither,0,0,0.00,0,,neither can target the other
GiantBuffer,RascalGirl,b,0,23,22.50,23,yes,a cannot target b
GiantBuffer,Rascals,b,0,13,19.50,13,yes,a cannot target b
GiantBuffer,Ronin,b,0,8,10.80,8,yes,a cannot target b
GiantBuffer,RoyalGiant,neither,0,0,0.00,0,,neither can target the other
GiantBuffer,RoyalHogs,neither,0,0,0.00,0,,neither can target the other
GiantBuffer,RoyalRecruits,b,0,22,28.10,22,yes,a cannot target b
GiantBuffer,SkeletonArmy,b,0,35,38.47,35,yes,a cannot target b
GiantBuffer,SkeletonDragons,b,0,19,37.60,19,yes,a cannot target b
GiantBuffer,SkeletonKing,b,0,14,22.10,14,yes,a cannot target b
GiantBuffer,SkeletonWarriors,b,0,25,24.50,25,yes,a cannot target b
GiantBuffer,Skeletons,b,0,35,38.47,35,yes,a cannot target b
GiantBuffer,SpearGoblins,b,0,35,55.50,35,yes,a cannot target b
GiantBuffer,Tesla,b,6,13,13.90,5,,
GiantBuffer,ThreeMusketeers,b,0,14,17.60,14,yes,a cannot target b
GiantBuffer,Valkyrie,b,0,11,16.40,11,yes,a cannot target b
GiantBuffer,Wallbreakers,neither,0,0,0.00,0,,neither can target the other
GiantBuffer,Witch,b,0,21,22.40,21,yes,a cannot target b
GiantBuffer,WitchMother,b,0,22,21.70,22,yes,a cannot target b
GiantBuffer,Wizard,b,0,11,15.00,11,yes,a cannot target b
GiantBuffer,Wizard_EV1,b,0,11,15.00,11,yes,a cannot target b
GiantBuffer,Xbow,b,6,49,19.20,29,,
GiantBuffer,ZapMachine,b,0,3,11.00,3,yes,a cannot target b
GiantBuffer,goblinstein_doctor,b,0,21,37.30,21,yes,a cannot target b
GiantSkeleton,GoblinDemolisher,a,5,9,10.40,0,,
GiantSkeleton,GoblinGang,a,1,1,1.00,0,,
GiantSkeleton,GoblinGiant,a,12,0,15.70,12,yes,b cannot target a
GiantSkeleton,GoblinMachine,a,9,10,11.80,0,,
GiantSkeleton,Goblins,a,1,1,1.00,0,,
GiantSkeleton,Goblinstein,a,9,0,11.80,9,yes,b cannot target a
GiantSkeleton,GoldenKnight,a,7,10,9.20,0,,
GiantSkeleton,Golem,a,19,0,24.40,19,yes,b cannot target a
GiantSkeleton,Golemite,a,4,0,4.90,4,yes,b cannot target a
GiantSkeleton,Heal,a,1,1,2.70,0,,
GiantSkeleton,HogRider,a,7,0,8.80,7,yes,b cannot target a
GiantSkeleton,IceGolemite,a,5,0,6.20,5,yes,b cannot target a
GiantSkeleton,IceSpirits,a,1,1,2.70,0,,
GiantSkeleton,IceWizard,a,3,5,8.30,0,,
GiantSkeleton,InfernoDragon,b,0,14,6.40,14,yes,a cannot target b
GiantSkeleton,InfernoTower,b,0,10,4.80,10,yes,
GiantSkeleton,KingTower,a,16,27,26.70,0,,
GiantSkeleton,Knight,a,7,8,9.20,0,,
GiantSkeleton,LavaHound,neither,0,0,0.00,0,,neither can target the other
GiantSkeleton,LavaPups,b,0,42,70.40,42,yes,a cannot target b
GiantSkeleton,LittlePrince,a,3,7,8.30,0,,
GiantSkeleton,MegaKnight,a,15,11,19.60,0,,
GiantSkeleton,MegaMinion,b,0,11,16.10,11,yes,a cannot target b
GiantSkeleton,MightyMiner,b,4,15,6.30,3,,
GiantSkeleton,Miner,a,5,5,6.60,0,,
GiantSkeleton,MiniPekka,both,6,5,7.50,0,,they kill each other on the same tick
GiantSkeleton,MiniSparkys,a,2,3,6.00,0,,
GiantSkeleton,MinionHorde,b,0,32,37.90,32,yes,a cannot target b
GiantSkeleton,Minions,b,0,32,37.90,32,yes,a cannot target b
GiantSkeleton,Monk,a,9,15,11.80,0,,
GiantSkeleton,Mortar,a,5,3,16.90,0,,
GiantSkeleton,MovingCannon,a,7,15,13.50,0,,
GiantSkeleton,Musketeer,a,3,9,8.80,0,,
GiantSkeleton,Musketeer_EV1,a,3,9,8.80,0,,
GiantSkeleton,Pekka,b,5,4,6.70,1,,
GiantSkeleton,Phoenix,b,0,16,15.40,16,yes,a cannot target b
GiantSkeleton,Prince,a,7,7,9.60,0,,
GiantSkeleton,PrincessTower,a,10,25,19.40,0,,
GiantSkeleton,RageBarbarian,a,5,8,6.20,0,,
GiantSkeleton,RamRider,a,7,0,8.80,7,yes,b cannot target a
GiantSkeleton,RascalGirl,a,1,5,5.20,0,,
GiantSkeleton,Rascals,a,7,6,8.80,1,,
GiantSkeleton,Ronin,a,7,6,9.20,0,,
GiantSkeleton,RoyalGiant,a,12,0,19.50,12,yes,b cannot target a
GiantSkeleton,RoyalHogs,a,4,0,4.90,4,yes,b cannot target a
GiantSkeleton,RoyalRecruits,a,3,3,4.40,0,,
GiantSkeleton,SkeletonArmy,a,1,1,1.00,0,,
GiantSkeleton,SkeletonDragons,b,0,23,45.60,23,yes,a cannot target b
GiantSkeleton,SkeletonKing,a,9,7,11.80,0,,
GiantSkeleton,SkeletonWarriors,a,2,3,3.10,0,,
GiantSkeleton,Skeletons,a,1,1,1.00,0,,
GiantSkeleton,SpearGoblins,a,1,3,5.20,0,,
GiantSkeleton,Tesla,a,5,10,10.90,0,,
GiantSkeleton,ThreeMusketeers,a,4,8,10.10,0,,
GiantSkeleton,Valkyrie,a,7,6,9.20,1,,
GiantSkeleton,Wallbreakers,a,2,0,2.30,2,yes,b cannot target a
GiantSkeleton,Witch,a,4,9,9.60,0,,
GiantSkeleton,WitchMother,a,2,7,7.00,0,,
GiantSkeleton,Wizard,a,3,6,8.30,0,,
GiantSkeleton,Wizard_EV1,a,4,7,9.60,0,,
GiantSkeleton,Xbow,a,6,46,18.20,0,,
GiantSkeleton,ZapMachine,b,5,3,11.00,1,,
GiantSkeleton,goblinstein_doctor,a,3,4,8.30,0,,
GoblinDemolisher,GoblinGang,a,2,0,1.70,2,yes,
GoblinDemolisher,GoblinGiant,a,17,0,18.20,17,yes,b cannot target a
GoblinDemolisher,GoblinMachine,b,10,6,10.50,0,,
GoblinDemolisher,Goblins,a,2,0,1.70,2,yes,
GoblinDemolisher,Goblinstein,a,13,0,13.80,13,yes,b cannot target a
GoblinDemolisher,GoldenKnight,a,10,7,10.50,4,,
GoblinDemolisher,Golem,a,28,0,30.30,28,yes,b cannot target a
GoblinDemolisher,Golemite,a,6,0,6.10,6,yes,b cannot target a
GoblinDemolisher,Heal,a,2,1,1.70,1,,
GoblinDemolisher,HogRider,a,10,0,10.50,10,yes,b cannot target a
GoblinDemolisher,IceGolemite,a,8,0,8.30,8,yes,b cannot target a
GoblinDemolisher,IceSpirits,a,2,1,1.70,1,,
GoblinDemolisher,IceWizard,a,4,2,4.40,1,,
GoblinDemolisher,InfernoDragon,b,0,9,5.90,9,yes,a cannot target b
GoblinDemolisher,InfernoTower,b,3,8,4.00,1,,
GoblinDemolisher,KingTower,b,11,15,14.50,3,,
GoblinDemolisher,Knight,a,10,6,10.50,4,,
GoblinDemolisher,LavaHound,neither,0,0,0.00,0,,neither can target the other
GoblinDemolisher,LavaPups,b,0,17,31.30,17,yes,a cannot target b
GoblinDemolisher,LittlePrince,a,4,4,4.40,0,,
GoblinDemolisher,MegaKnight,b,11,5,11.80,0,,
GoblinDemolisher,MegaMinion,b,0,5,10.50,5,yes,a cannot target b
GoblinDemolisher,MightyMiner,b,7,10,7.70,0,,
GoblinDemolisher,Miner,a,7,3,7.20,3,,
GoblinDemolisher,MiniPekka,b,5,2,5.50,0,,
GoblinDemolisher,MiniSparkys,a,3,1,2.80,2,,
GoblinDemolisher,MinionHorde,b,0,13,16.77,13,yes,a cannot target b
GoblinDemolisher,Minions,b,0,13,16.77,13,yes,a cannot target b
GoblinDemolisher,Monk,b,11,10,11.60,0,,
GoblinDemolisher,Mortar,a,8,3,14.80,0,,
GoblinDemolisher,MovingCannon,b,5,7,5.80,1,,
GoblinDemolisher,Musketeer,a,4,5,4.90,0,,
GoblinDemolisher,Musketeer_EV1,a,4,5,4.90,0,,
GoblinDemolisher,Pekka,b,7,2,8.17,0,,
GoblinDemolisher,Phoenix,b,0,6,8.80,6,yes,a cannot target b
GoblinDemolisher,Prince,b,8,4,8.50,0,,
GoblinDemolisher,PrincessTower,b,8,15,11.20,4,,
GoblinDemolisher,RageBarbarian,b,6,6,6.55,0,,
GoblinDemolisher,RamRider,a,10,0,10.50,10,yes,b cannot target a
GoblinDemolisher,RascalGirl,a,2,2,1.70,0,,
GoblinDemolisher,Rascals,a,10,4,10.50,5,,
GoblinDemolisher,Ronin,b,7,4,7.73,0,,
GoblinDemolisher,RoyalGiant,a,18,0,19.30,18,yes,b cannot target a
GoblinDemolisher,RoyalHogs,a,5,0,5.00,5,yes,b cannot target a
GoblinDemolisher,RoyalRecruits,a,5,1,5.00,4,,
GoblinDemolisher,SkeletonArmy,a,1,0,0.60,1,yes,
GoblinDemolisher,SkeletonDragons,b,0,9,18.60,9,yes,a cannot target b
GoblinDemolisher,SkeletonKing,a,13,6,13.80,5,,
GoblinDemolisher,SkeletonWarriors,a,3,1,2.80,2,,
GoblinDemolisher,Skeletons,a,1,0,0.60,1,yes,
GoblinDemolisher,SpearGoblins,a,1,0,0.60,1,yes,
GoblinDemolisher,Tesla,b,5,6,6.20,1,,
GoblinDemolisher,ThreeMusketeers,a,5,5,6.00,0,,
GoblinDemolisher,Valkyrie,b,10,5,11.20,0,,
GoblinDemolisher,Wallbreakers,a,2,0,1.70,2,yes,b cannot target a
GoblinDemolisher,Witch,a,5,5,5.50,0,,
GoblinDemolisher,WitchMother,a,3,3,3.30,0,,
GoblinDemolisher,Wizard,a,5,4,5.50,0,,
GoblinDemolisher,Wizard_EV1,b,6,5,6.60,1,,
GoblinDemolisher,Xbow,b,2,23,8.80,18,,
GoblinDemolisher,ZapMachine,b,3,1,3.00,0,,
GoblinDemolisher,goblinstein_doctor,a,4,2,4.40,1,,
GoblinGang,GoblinGiant,a,25,0,27.25,25,yes,b cannot target a
GoblinGang,GoblinMachine,b,0,1,0.70,1,yes,
GoblinGang,Goblins,both,2,2,1.60,0,,they kill each other on the same tick
GoblinGang,Goblinstein,a,20,0,21.75,20,yes,b cannot target a
GoblinGang,GoldenKnight,b,1,2,1.60,1,,
GoblinGang,Golem,a,41,0,44.63,41,yes,b cannot target a
GoblinGang,Golemite,a,9,0,9.30,9,yes,b cannot target a
GoblinGang,Heal,a,2,1,2.60,0,,
GoblinGang,HogRider,a,14,0,14.95,14,yes,b cannot target a
GoblinGang,IceGolemite,a,11,0,11.63,11,yes,b cannot target a
GoblinGang,IceSpirits,a,2,1,2.60,0,,
GoblinGang,IceWizard,b,2,3,4.60,2,,
GoblinGang,InfernoDragon,b,0,4,2.40,4,yes,a cannot target b
GoblinGang,InfernoTower,b,0,3,2.00,3,yes,
GoblinGang,KingTower,b,0,3,2.50,3,yes,
GoblinGang,Knight,b,0,1,0.70,1,yes,
GoblinGang,LavaHound,neither,0,0,0.00,0,,neither can target the other
GoblinGang,LavaPups,b,0,3,4.10,3,yes,a cannot target b
GoblinGang,LittlePrince,b,0,2,2.00,2,yes,
GoblinGang,MegaKnight,b,1,1,1.20,0,,
GoblinGang,MegaMinion,b,0,1,1.10,1,yes,a cannot target b
GoblinGang,MightyMiner,b,2,5,2.30,1,,
GoblinGang,Miner,b,2,2,2.10,1,,
GoblinGang,MiniPekka,b,1,1,1.10,0,,
GoblinGang,MiniSparkys,b,2,2,3.60,1,,
GoblinGang,MinionHorde,b,0,2,1.90,2,yes,a cannot target b
GoblinGang,Minions,b,0,2,1.90,2,yes,a cannot target b
GoblinGang,Monk,b,1,2,1.40,1,,
GoblinGang,Mortar,b,0,1,3.70,1,yes,
GoblinGang,MovingCannon,b,0,1,0.40,1,yes,
GoblinGang,Musketeer,b,0,1,0.30,1,yes,
GoblinGang,Musketeer_EV1,b,0,1,0.30,1,yes,
GoblinGang,Pekka,b,1,1,1.30,0,,
GoblinGang,Phoenix,b,0,1,0.40,1,yes,a cannot target b
GoblinGang,Prince,b,0,1,0.90,1,yes,
GoblinGang,PrincessTower,b,0,3,1.60,3,yes,
GoblinGang,RageBarbarian,b,0,1,0.40,1,yes,
GoblinGang,RamRider,a,15,0,16.05,15,yes,b cannot target a
GoblinGang,RascalGirl,b,0,2,1.50,2,yes,
GoblinGang,Rascals,b,1,1,1.10,0,,
GoblinGang,Ronin,b,1,1,1.00,0,,
GoblinGang,RoyalGiant,a,26,0,30.25,26,yes,b cannot target a
GoblinGang,RoyalHogs,a,7,0,7.23,7,yes,b cannot target a
GoblinGang,RoyalRecruits,b,1,2,2.10,1,,
GoblinGang,SkeletonArmy,a,1,0,0.50,1,yes,
GoblinGang,SkeletonDragons,b,0,2,3.60,2,yes,a cannot target b
GoblinGang,SkeletonKing,b,1,1,1.30,0,,
GoblinGang,SkeletonWarriors,b,1,2,1.50,1,,
GoblinGang,Skeletons,a,1,0,0.50,1,yes,
GoblinGang,SpearGoblins,a,2,2,3.85,0,,
GoblinGang,Tesla,b,0,1,0.70,1,yes,
GoblinGang,ThreeMusketeers,b,0,1,0.70,1,yes,
GoblinGang,Valkyrie,b,1,1,1.40,0,,
GoblinGang,Wallbreakers,a,3,0,2.70,3,yes,b cannot target a
GoblinGang,Witch,b,0,2,1.50,2,yes,
GoblinGang,WitchMother,b,0,2,1.70,2,yes,
GoblinGang,Wizard,b,0,1,1.00,1,yes,
GoblinGang,Wizard_EV1,b,0,1,1.00,1,yes,
GoblinGang,Xbow,b,0,4,1.20,4,yes,
GoblinGang,ZapMachine,b,1,1,3.00,0,,
GoblinGang,goblinstein_doctor,b,1,2,3.10,1,,
GoblinGiant,GoblinMachine,b,0,14,16.30,14,yes,a cannot target b
GoblinGiant,Goblins,b,0,25,27.25,25,yes,a cannot target b
GoblinGiant,Goblinstein,neither,0,0,0.00,0,,neither can target the other
GoblinGiant,GoldenKnight,b,0,20,17.80,20,yes,a cannot target b
GoblinGiant,Golem,neither,0,0,0.00,0,,neither can target the other
GoblinGiant,Golemite,neither,0,0,0.00,0,,neither can target the other
GoblinGiant,Heal,stalemate,0,1,300.00,0,,a cannot target b; neither dies inside five minutes
GoblinGiant,HogRider,neither,0,0,0.00,0,,neither can target the other
GoblinGiant,IceGolemite,neither,0,0,0.00,0,,neither can target the other
GoblinGiant,IceSpirits,stalemate,0,1,300.00,0,,a cannot target b; neither dies inside five minutes
GoblinGiant,IceWizard,b,0,35,59.00,35,yes,a cannot target b
GoblinGiant,InfernoDragon,b,0,13,6.00,13,yes,a cannot target b
GoblinGiant,InfernoTower,b,0,10,4.80,10,yes,
GoblinGiant,KingTower,b,19,34,33.50,6,,
GoblinGiant,Knight,b,0,16,18.70,16,yes,a cannot target b
GoblinGiant,LavaHound,neither,0,0,0.00,0,,neither can target the other
GoblinGiant,LavaPups,b,0,39,65.30,39,yes,a cannot target b
GoblinGiant,LittlePrince,b,0,30,35.60,30,yes,a cannot target b
GoblinGiant,MegaKnight,b,0,12,19.90,12,yes,a cannot target b
GoblinGiant,MegaMinion,b,0,10,14.60,10,yes,a cannot target b
GoblinGiant,MightyMiner,b,0,14,5.90,14,yes,a cannot target b
GoblinGiant,Miner,b,0,17,21.60,17,yes,a cannot target b
GoblinGiant,MiniPekka,b,0,5,7.77,5,yes,a cannot target b
GoblinGiant,MiniSparkys,b,0,27,58.60,27,yes,a cannot target b
GoblinGiant,MinionHorde,b,0,30,35.50,30,yes,a cannot target b
GoblinGiant,Minions,b,0,30,35.50,30,yes,a cannot target b
GoblinGiant,Monk,b,0,23,18.20,23,yes,a cannot target b
GoblinGiant,Mortar,a,8,4,21.50,0,,
GoblinGiant,MovingCannon,b,0,15,13.00,15,yes,a cannot target b
GoblinGiant,Musketeer,b,0,15,14.30,15,yes,a cannot target b
GoblinGiant,Musketeer_EV1,b,0,15,14.30,15,yes,a cannot target b
GoblinGiant,Pekka,b,0,4,6.70,4,yes,a cannot target b
GoblinGiant,Phoenix,b,0,15,14.40,15,yes,a cannot target b
GoblinGiant,Prince,b,0,8,10.70,8,yes,a cannot target b
GoblinGiant,PrincessTower,b,13,34,26.40,9,,
GoblinGiant,RageBarbarian,b,0,13,10.25,13,yes,a cannot target b
GoblinGiant,RamRider,neither,0,0,0.00,0,,neither can target the other
GoblinGiant,RascalGirl,b,0,25,24.50,25,yes,a cannot target b
GoblinGiant,Rascals,b,0,15,22.50,15,yes,a cannot target b
GoblinGiant,Ronin,b,0,9,12.20,9,yes,a cannot target b
GoblinGiant,RoyalGiant,neither,0,0,0.00,0,,neither can target the other
GoblinGiant,RoyalHogs,neither,0,0,0.00,0,,neither can target the other
GoblinGiant,RoyalRecruits,b,0,24,30.70,24,yes,a cannot target b
GoblinGiant,SkeletonArmy,b,0,39,42.87,39,yes,a cannot target b
GoblinGiant,SkeletonDragons,b,0,21,41.60,21,yes,a cannot target b
GoblinGiant,SkeletonKing,b,0,16,25.30,16,yes,a cannot target b
GoblinGiant,SkeletonWarriors,b,0,27,26.50,27,yes,a cannot target b
GoblinGiant,Skeletons,b,0,39,42.87,39,yes,a cannot target b
GoblinGiant,SpearGoblins,b,0,39,61.90,39,yes,a cannot target b
GoblinGiant,Tesla,a,7,13,14.00,0,,
GoblinGiant,ThreeMusketeers,b,0,16,20.20,16,yes,a cannot target b
GoblinGiant,Valkyrie,b,0,12,17.90,12,yes,a cannot target b
GoblinGiant,Wallbreakers,neither,0,0,0.00,0,,neither can target the other
GoblinGiant,Witch,b,0,24,25.70,24,yes,a cannot target b
GoblinGiant,WitchMother,b,0,24,23.70,24,yes,a cannot target b
GoblinGiant,Wizard,b,0,12,16.40,12,yes,a cannot target b
GoblinGiant,Wizard_EV1,b,0,12,16.40,12,yes,a cannot target b
GoblinGiant,Xbow,b,7,54,21.20,28,,
GoblinGiant,ZapMachine,b,0,3,11.00,3,yes,a cannot target b
GoblinGiant,goblinstein_doctor,b,0,24,42.70,24,yes,a cannot target b
GoblinMachine,Goblins,a,1,0,0.70,1,yes,
GoblinMachine,Goblinstein,a,11,0,12.70,11,yes,b cannot target a
GoblinMachine,GoldenKnight,a,8,10,9.10,1,,
GoblinMachine,Golem,a,23,0,27.10,23,yes,b cannot target a
GoblinMachine,Golemite,a,5,0,5.50,5,yes,b cannot target a
GoblinMachine,Heal,a,1,1,2.00,0,,
GoblinMachine,HogRider,a,8,0,9.10,8,yes,b cannot target a
GoblinMachine,IceGolemite,a,6,0,6.70,6,yes,b cannot target a
GoblinMachine,IceSpirits,a,1,1,2.00,0,,
GoblinMachine,IceWizard,a,3,4,7.40,0,,
GoblinMachine,InfernoDragon,b,0,11,5.20,11,yes,a cannot target b
GoblinMachine,InfernoTower,b,0,9,4.40,9,yes,
GoblinMachine,KingTower,b,16,25,24.50,6,,
GoblinMachine,Knight,a,8,8,9.10,1,,
GoblinMachine,LavaHound,neither,0,0,0.00,0,,neither can target the other
GoblinMachine,LavaPups,b,0,28,46.60,28,yes,a cannot target b
GoblinMachine,LittlePrince,a,4,7,8.60,0,,
GoblinMachine,MegaKnight,b,12,9,14.80,0,,
GoblinMachine,MegaMinion,b,0,8,11.60,8,yes,a cannot target b
GoblinMachine,MightyMiner,b,4,12,5.10,1,,
GoblinMachine,Miner,a,6,5,6.70,1,,
GoblinMachine,MiniPekka,b,4,3,4.57,0,,
GoblinMachine,MiniSparkys,a,3,3,6.40,0,,
GoblinMachine,MinionHorde,b,0,22,25.90,22,yes,a cannot target b
GoblinMachine,Minions,b,0,22,25.90,22,yes,a cannot target b
GoblinMachine,Monk,a,10,14,11.50,0,,
GoblinMachine,Mortar,a,6,3,17.00,0,,
GoblinMachine,MovingCannon,b,4,11,9.40,6,,
GoblinMachine,Musketeer,a,4,9,9.10,0,,
GoblinMachine,Musketeer_EV1,a,4,9,9.10,0,,
GoblinMachine,Pekka,b,4,3,4.90,0,,
GoblinMachine,Phoenix,b,0,11,10.40,11,yes,a cannot target b
GoblinMachine,Prince,b,6,6,7.90,1,,
GoblinMachine,PrincessTower,b,11,25,19.20,9,,
GoblinMachine,RageBarbarian,a,6,8,6.70,0,,
GoblinMachine,RamRider,a,8,0,9.10,8,yes,b cannot target a
GoblinMachine,RascalGirl,a,2,6,5.70,0,,
GoblinMachine,Rascals,a,8,6,9.10,1,,
GoblinMachine,Ronin,a,8,6,9.10,1,,
GoblinMachine,RoyalGiant,a,14,0,20.10,14,yes,b cannot target a
GoblinMachine,RoyalHogs,a,4,0,4.30,4,yes,b cannot target a
GoblinMachine,RoyalRecruits,a,5,4,5.90,0,,
GoblinMachine,SkeletonArmy,a,1,0,0.70,1,yes,
GoblinMachine,SkeletonDragons,b,0,15,29.60,15,yes,a cannot target b
GoblinMachine,SkeletonKing,a,10,7,11.50,1,,
GoblinMachine,SkeletonWarriors,a,3,4,3.50,0,,
GoblinMachine,Skeletons,a,1,0,0.70,1,yes,
GoblinMachine,SpearGoblins,a,1,3,4.50,0,,
GoblinMachine,Tesla,a,6,10,11.00,0,,
GoblinMachine,ThreeMusketeers,a,4,7,9.10,0,,
GoblinMachine,Valkyrie,a,9,6,10.30,1,,
GoblinMachine,Wallbreakers,a,2,0,1.90,2,yes,b cannot target a
GoblinMachine,Witch,a,4,8,8.60,0,,
GoblinMachine,WitchMother,a,3,7,7.40,0,,
GoblinMachine,Wizard,a,4,6,8.60,0,,
GoblinMachine,Wizard_EV1,a,5,7,9.80,0,,
GoblinMachine,Xbow,b,4,40,15.60,28,,
GoblinMachine,ZapMachine,b,3,2,7.00,1,,
GoblinMachine,goblinstein_doctor,a,4,5,8.60,0,,
Goblins,Goblinstein,a,20,0,21.75,20,yes,b cannot target a
Goblins,GoldenKnight,b,1,2,1.60,1,,
Goblins,Golem,a,41,0,44.63,41,yes,b cannot target a
Goblins,Golemite,a,9,0,9.30,9,yes,b cannot target a
Goblins,Heal,a,2,1,2.60,0,,
Goblins,HogRider,a,14,0,14.95,14,yes,b cannot target a
Goblins,IceGolemite,a,11,0,11.63,11,yes,b cannot target a
Goblins,IceSpirits,a,2,1,2.60,0,,
Goblins,IceWizard,b,2,3,4.60,2,,
Goblins,InfernoDragon,b,0,4,2.40,4,yes,a cannot target b
Goblins,InfernoTower,b,0,3,2.00,3,yes,
Goblins,KingTower,b,0,3,2.50,3,yes,
Goblins,Knight,b,0,1,0.70,1,yes,
Goblins,LavaHound,neither,0,0,0.00,0,,neither can target the other
Goblins,LavaPups,b,0,3,4.10,3,yes,a cannot target b
Goblins,LittlePrince,b,0,2,2.00,2,yes,
Goblins,MegaKnight,b,1,1,1.20,0,,
Goblins,MegaMinion,b,0,1,1.10,1,yes,a cannot target b
Goblins,MightyMiner,b,2,5,2.30,1,,
Goblins,Miner,b,2,2,2.10,1,,
Goblins,MiniPekka,b,1,1,1.10,0,,
Goblins,MiniSparkys,b,2,2,3.60,1,,
Goblins,MinionHorde,b,0,2,1.90,2,yes,a cannot target b
Goblins,Minions,b,0,2,1.90,2,yes,a cannot target b
Goblins,Monk,b,1,2,1.40,1,,
Goblins,Mortar,b,0,1,3.70,1,yes,
Goblins,MovingCannon,b,0,1,0.40,1,yes,
Goblins,Musketeer,b,0,1,0.30,1,yes,
Goblins,Musketeer_EV1,b,0,1,0.30,1,yes,
Goblins,Pekka,b,1,1,1.30,0,,
Goblins,Phoenix,b,0,1,0.40,1,yes,a cannot target b
Goblins,Prince,b,0,1,0.90,1,yes,
Goblins,PrincessTower,b,0,3,1.60,3,yes,
Goblins,RageBarbarian,b,0,1,0.40,1,yes,
Goblins,RamRider,a,15,0,16.05,15,yes,b cannot target a
Goblins,RascalGirl,b,0,2,1.50,2,yes,
Goblins,Rascals,b,1,1,1.10,0,,
Goblins,Ronin,b,1,1,1.00,0,,
Goblins,RoyalGiant,a,26,0,30.25,26,yes,b cannot target a
Goblins,RoyalHogs,a,7,0,7.23,7,yes,b cannot target a
Goblins,RoyalRecruits,b,1,2,2.10,1,,
Goblins,SkeletonArmy,a,1,0,0.50,1,yes,
Goblins,SkeletonDragons,b,0,2,3.60,2,yes,a cannot target b
Goblins,SkeletonKing,b,1,1,1.30,0,,
Goblins,SkeletonWarriors,b,1,2,1.50,1,,
Goblins,Skeletons,a,1,0,0.50,1,yes,
Goblins,SpearGoblins,a,2,2,3.85,0,,
Goblins,Tesla,b,0,1,0.70,1,yes,
Goblins,ThreeMusketeers,b,0,1,0.70,1,yes,
Goblins,Valkyrie,b,1,1,1.40,0,,
Goblins,Wallbreakers,a,3,0,2.70,3,yes,b cannot target a
Goblins,Witch,b,0,2,1.50,2,yes,
Goblins,WitchMother,b,0,2,1.70,2,yes,
Goblins,Wizard,b,0,1,1.00,1,yes,
Goblins,Wizard_EV1,b,0,1,1.00,1,yes,
Goblins,Xbow,b,0,4,1.20,4,yes,
Goblins,ZapMachine,b,1,1,3.00,0,,
Goblins,goblinstein_doctor,b,1,2,3.10,1,,
Goblinstein,GoldenKnight,b,0,15,13.30,15,yes,a cannot target b
Goblinstein,Golem,neither,0,0,0.00,0,,neither can target the other
Goblinstein,Golemite,neither,0,0,0.00,0,,neither can target the other
Goblinstein,Heal,stalemate,0,1,300.00,0,,a cannot target b; neither dies inside five minutes
Goblinstein,HogRider,neither,0,0,0.00,0,,neither can target the other
Goblinstein,IceGolemite,neither,0,0,0.00,0,,neither can target the other
Goblinstein,IceSpirits,stalemate,0,1,300.00,0,,a cannot target b; neither dies inside five minutes
Goblinstein,IceWizard,b,0,27,45.40,27,yes,a cannot target b
Goblinstein,InfernoDragon,b,0,12,5.60,12,yes,a cannot target b
Goblinstein,InfernoTower,b,0,9,4.40,9,yes,
Goblinstein,KingTower,b,13,26,25.50,6,,
Goblinstein,Knight,b,0,12,13.90,12,yes,a cannot target b
Goblinstein,LavaHound,neither,0,0,0.00,0,,neither can target the other
Goblinstein,LavaPups,b,0,30,50.00,30,yes,a cannot target b
Goblinstein,LittlePrince,b,0,23,27.20,23,yes,a cannot target b
Goblinstein,MegaKnight,b,0,9,14.80,9,yes,a cannot target b
Goblinstein,MegaMinion,b,0,8,11.60,8,yes,a cannot target b
Goblinstein,MightyMiner,b,0,12,5.10,12,yes,a cannot target b
Goblinstein,Miner,b,0,13,16.40,13,yes,a cannot target b
Goblinstein,MiniPekka,b,0,4,6.17,4,yes,a cannot target b
Goblinstein,MiniSparkys,b,0,21,45.40,21,yes,a cannot target b
Goblinstein,MinionHorde,b,0,23,27.10,23,yes,a cannot target b
Goblinstein,Minions,b,0,23,27.10,23,yes,a cannot target b
Goblinstein,Monk,b,0,18,14.20,18,yes,a cannot target b
Goblinstein,Mortar,a,11,5,26.00,0,,
Goblinstein,MovingCannon,b,0,12,10.30,12,yes,a cannot target b
Goblinstein,Musketeer,b,0,11,10.30,11,yes,a cannot target b
Goblinstein,Musketeer_EV1,b,0,11,10.30,11,yes,a cannot target b
Goblinstein,Pekka,b,0,3,4.90,3,yes,a cannot target b
Goblinstein,Phoenix,b,0,11,10.40,11,yes,a cannot target b
Goblinstein,Prince,b,0,7,9.30,7,yes,a cannot target b
Goblinstein,PrincessTower,b,9,26,20.00,9,,
Goblinstein,RageBarbarian,b,0,10,7.85,10,yes,a cannot target b
Goblinstein,RamRider,neither,0,0,0.00,0,,neither can target the other
Goblinstein,RascalGirl,b,0,20,19.50,20,yes,a cannot target b
Goblinstein,Rascals,b,0,11,16.50,11,yes,a cannot target b
Goblinstein,Ronin,b,0,7,9.40,7,yes,a cannot target b
Goblinstein,RoyalGiant,neither,0,0,0.00,0,,neither can target the other
Goblinstein,RoyalHogs,neither,0,0,0.00,0,,neither can target the other
Goblinstein,RoyalRecruits,b,0,18,22.90,18,yes,a cannot target b
Goblinstein,SkeletonArmy,b,0,30,32.97,30,yes,a cannot target b
Goblinstein,SkeletonDragons,b,0,16,31.60,16,yes,a cannot target b
Goblinstein,SkeletonKing,b,0,12,18.90,12,yes,a cannot target b
Goblinstein,SkeletonWarriors,b,0,21,20.50,21,yes,a cannot target b
Goblinstein,Skeletons,b,0,30,32.97,30,yes,a cannot target b
Goblinstein,SpearGoblins,b,0,30,47.50,30,yes,a cannot target b
Goblinstein,Tesla,b,5,11,11.70,4,,
Goblinstein,ThreeMusketeers,b,0,12,15.00,12,yes,a cannot target b
Goblinstein,Valkyrie,b,0,9,13.40,9,yes,a cannot target b
Goblinstein,Wallbreakers,neither,0,0,0.00,0,,neither can target the other
Goblinstein,Witch,b,0,18,19.10,18,yes,a cannot target b
Goblinstein,WitchMother,b,0,18,17.70,18,yes,a cannot target b
Goblinstein,Wizard,b,0,9,12.20,9,yes,a cannot target b
Goblinstein,Wizard_EV1,b,0,9,12.20,9,yes,a cannot target b
Goblinstein,Xbow,b,4,42,16.40,28,,
Goblinstein,ZapMachine,b,0,2,7.00,2,yes,a cannot target b
Goblinstein,goblinstein_doctor,b,0,18,31.90,18,yes,a cannot target b
GoldenKnight,Golem,a,32,0,28.60,32,yes,b cannot target a
GoldenKnight,Golemite,a,7,0,6.10,7,yes,b cannot target a
GoldenKnight,Heal,a,2,1,2.90,0,,
GoldenKnight,HogRider,a,11,0,9.70,11,yes,b cannot target a
GoldenKnight,IceGolemite,a,9,0,7.90,9,yes,b cannot target a
GoldenKnight,IceSpirits,a,2,1,2.90,0,,
GoldenKnight,IceWizard,a,5,5,8.60,0,,
GoldenKnight,InfernoDragon,b,0,10,4.80,10,yes,a cannot target b
GoldenKnight,InfernoTower,b,0,9,4.40,9,yes,
GoldenKnight,KingTower,b,15,20,19.50,6,,
GoldenKnight,Knight,a,11,8,9.70,1,,
GoldenKnight,LavaHound,neither,0,0,0.00,0,,neither can target the other
GoldenKnight,LavaPups,b,0,23,38.10,23,yes,a cannot target b
GoldenKnight,LittlePrince,a,5,7,8.60,0,,
GoldenKnight,MegaKnight,b,12,7,11.40,0,,
GoldenKnight,MegaMinion,b,0,6,8.60,6,yes,a cannot target b
GoldenKnight,MightyMiner,b,5,11,4.70,1,,
GoldenKnight,Miner,a,8,5,7.00,1,,
GoldenKnight,MiniPekka,b,5,3,4.57,0,,
GoldenKnight,MiniSparkys,a,4,3,6.70,0,,
GoldenKnight,MinionHorde,b,0,17,19.90,17,yes,a cannot target b
GoldenKnight,Minions,b,0,17,19.90,17,yes,a cannot target b
GoldenKnight,Monk,b,11,13,10.20,1,,
GoldenKnight,Mortar,a,9,4,18.20,0,,
GoldenKnight,MovingCannon,b,3,9,7.60,6,,
GoldenKnight,Musketeer,b,4,9,8.30,6,,
GoldenKnight,Musketeer_EV1,b,4,9,8.30,6,,
GoldenKnight,Pekka,b,5,3,4.90,0,,
GoldenKnight,Phoenix,b,0,9,8.40,9,yes,a cannot target b
GoldenKnight,Prince,b,7,5,6.50,1,,
GoldenKnight,PrincessTower,b,10,20,15.20,9,,
GoldenKnight,RageBarbarian,b,7,8,6.25,1,,
GoldenKnight,RamRider,a,11,0,9.70,11,yes,b cannot target a
GoldenKnight,RascalGirl,a,2,5,5.40,0,,
GoldenKnight,Rascals,a,12,7,10.60,1,,
GoldenKnight,Ronin,b,7,5,6.60,0,,
GoldenKnight,RoyalGiant,a,20,0,21.60,20,yes,b cannot target a
GoldenKnight,RoyalHogs,a,6,0,5.20,6,yes,b cannot target a
GoldenKnight,RoyalRecruits,a,6,4,5.60,0,,
GoldenKnight,SkeletonArmy,a,1,0,0.70,1,yes,
GoldenKnight,SkeletonDragons,b,0,12,23.60,12,yes,a cannot target b
GoldenKnight,SkeletonKing,a,15,8,13.30,1,,
GoldenKnight,SkeletonWarriors,a,3,3,2.90,0,,
GoldenKnight,Skeletons,a,1,0,0.70,1,yes,
GoldenKnight,SpearGoblins,a,1,3,4.50,0,,
GoldenKnight,Tesla,b,6,9,9.50,4,,
GoldenKnight,ThreeMusketeers,a,6,8,10.00,0,,
GoldenKnight,Valkyrie,b,11,7,10.40,0,,
GoldenKnight,Wallbreakers,a,3,0,2.50,3,yes,b cannot target a
GoldenKnight,Witch,a,6,9,9.50,0,,
GoldenKnight,WitchMother,a,4,8,7.70,0,,
GoldenKnight,Wizard,a,5,6,8.60,0,,
GoldenKnight,Wizard_EV1,b,5,7,9.40,3,,
GoldenKnight,Xbow,b,2,32,12.40,28,,
GoldenKnight,ZapMachine,b,3,2,7.00,1,,
GoldenKnight,goblinstein_doctor,a,5,5,8.60,0,,
Golem,Golemite,neither,0,0,0.00,0,,neither can target the other
Golem,Heal,stalemate,0,1,300.00,0,,a cannot target b; neither dies inside five minutes
Golem,HogRider,neither,0,0,0.00,0,,neither can target the other
Golem,IceGolemite,neither,0,0,0.00,0,,neither can target the other
Golem,IceSpirits,stalemate,0,1,300.00,0,,a cannot target b; neither dies inside five minutes
Golem,IceWizard,b,0,58,98.10,58,yes,a cannot target b
Golem,InfernoDragon,b,0,18,8.00,18,yes,a cannot target b
Golem,InfernoTower,b,0,13,6.00,13,yes,
Golem,KingTower,a,14,42,42.33,0,,
Golem,Knight,b,0,26,30.70,26,yes,a cannot target b
Golem,LavaHound,neither,0,0,0.00,0,,neither can target the other
Golem,LavaPups,b,0,64,107.80,64,yes,a cannot target b
Golem,LittlePrince,b,0,50,59.60,50,yes,a cannot target b
Golem,MegaKnight,b,0,20,33.50,20,yes,a cannot target b
Golem,MegaMinion,b,0,17,25.10,17,yes,a cannot target b
Golem,MightyMiner,b,0,19,7.90,19,yes,a cannot target b
Golem,Miner,b,0,27,34.60,27,yes,a cannot target b
Golem,MiniPekka,b,0,7,10.70,7,yes,a cannot target b
Golem,MiniSparkys,b,0,44,96.00,44,yes,a cannot target b
Golem,MinionHorde,b,0,48,57.10,48,yes,a cannot target b
Golem,Minions,b,0,48,57.10,48,yes,a cannot target b
Golem,Monk,b,0,37,29.40,37,yes,a cannot target b
Golem,Mortar,a,5,5,25.83,0,,
Golem,MovingCannon,b,0,25,22.00,25,yes,a cannot target b
Golem,Musketeer,b,0,24,23.30,24,yes,a cannot target b
Golem,Musketeer_EV1,b,0,24,23.30,24,yes,a cannot target b
Golem,Pekka,b,0,7,12.10,7,yes,a cannot target b
Golem,Phoenix,b,0,24,23.40,24,yes,a cannot target b
Golem,Prince,b,0,14,19.10,14,yes,a cannot target b
Golem,PrincessTower,a,9,39,30.50,0,,
Golem,RageBarbarian,b,0,20,15.63,20,yes,a cannot target b
Golem,RamRider,neither,0,0,0.00,0,,neither can target the other
Golem,RascalGirl,b,0,41,40.50,41,yes,a cannot target b
Golem,Rascals,b,0,24,35.60,24,yes,a cannot target b
Golem,Ronin,b,0,14,19.20,14,yes,a cannot target b
Golem,RoyalGiant,neither,0,0,0.00,0,,neither can target the other
Golem,RoyalHogs,neither,0,0,0.00,0,,neither can target the other
Golem,RoyalRecruits,b,0,39,50.20,39,yes,a cannot target b
Golem,SkeletonArmy,b,0,64,70.07,64,yes,a cannot target b
Golem,SkeletonDragons,b,0,34,67.60,34,yes,a cannot target b
Golem,SkeletonKing,b,0,26,41.30,26,yes,a cannot target b
Golem,SkeletonWarriors,b,0,44,43.50,44,yes,a cannot target b
Golem,Skeletons,b,0,64,70.07,64,yes,a cannot target b
Golem,SpearGoblins,b,0,64,101.90,64,yes,a cannot target b
Golem,Tesla,a,4,14,15.33,0,,
Golem,ThreeMusketeers,b,0,26,33.20,26,yes,a cannot target b
Golem,Valkyrie,b,0,20,29.90,20,yes,a cannot target b
Golem,Wallbreakers,neither,0,0,0.00,0,,neither can target the other
Golem,Witch,b,0,38,41.10,38,yes,a cannot target b
Golem,WitchMother,b,0,39,38.70,39,yes,a cannot target b
Golem,Wizard,b,0,19,26.20,19,yes,a cannot target b
Golem,Wizard_EV1,b,0,19,26.20,19,yes,a cannot target b
Golem,Xbow,a,6,71,28.33,0,,
Golem,ZapMachine,b,0,4,15.00,4,yes,a cannot target b
Golem,goblinstein_doctor,b,0,38,67.90,38,yes,a cannot target b
Golemite,Heal,stalemate,0,1,300.00,0,,a cannot target b; neither dies inside five minutes
Golemite,HogRider,neither,0,0,0.00,0,,neither can target the other
Golemite,IceGolemite,neither,0,0,0.00,0,,neither can target the other
Golemite,IceSpirits,stalemate,0,1,300.00,0,,a cannot target b; neither dies inside five minutes
Golemite,IceWizard,b,0,12,19.90,12,yes,a cannot target b
Golemite,InfernoDragon,b,0,8,4.00,8,yes,a cannot target b
Golemite,InfernoTower,b,0,8,4.00,8,yes,
Golemite,KingTower,b,1,12,11.50,10,,
Golemite,Knight,b,0,6,6.70,6,yes,a cannot target b
Golemite,LavaHound,neither,0,0,0.00,0,,neither can target the other
Golemite,LavaPups,b,0,13,21.10,13,yes,a cannot target b
Golemite,LittlePrince,b,0,10,11.60,10,yes,a cannot target b
Golemite,MegaKnight,b,0,4,6.30,4,yes,a cannot target b
Golemite,MegaMinion,b,0,4,5.60,4,yes,a cannot target b
Golemite,MightyMiner,b,0,9,3.90,9,yes,a cannot target b
Golemite,Miner,b,0,6,7.30,6,yes,a cannot target b
Golemite,MiniPekka,b,0,2,2.70,2,yes,a cannot target b
Golemite,MiniSparkys,b,0,9,19.00,9,yes,a cannot target b
Golemite,MinionHorde,b,0,10,11.50,10,yes,a cannot target b
Golemite,Minions,b,0,10,11.50,10,yes,a cannot target b
Golemite,Monk,b,0,8,6.20,8,yes,a cannot target b
Golemite,Mortar,b,1,4,17.80,3,,
Golemite,MovingCannon,b,0,5,4.00,5,yes,a cannot target b
Golemite,Musketeer,b,0,5,4.30,5,yes,a cannot target b
Golemite,Musketeer_EV1,b,0,5,4.30,5,yes,a cannot target b
Golemite,Pekka,b,0,2,3.10,2,yes,a cannot target b
Golemite,Phoenix,b,0,5,4.40,5,yes,a cannot target b
Golemite,Prince,b,0,3,3.70,3,yes,a cannot target b
Golemite,PrincessTower,b,0,12,8.80,12,yes,
Golemite,RageBarbarian,b,0,5,3.60,5,yes,a cannot target b
Golemite,RamRider,neither,0,0,0.00,0,,neither can target the other
Golemite,RascalGirl,b,0,9,8.50,9,yes,a cannot target b
Golemite,Rascals,b,0,5,7.10,5,yes,a cannot target b
Golemite,Ronin,b,0,3,3.80,3,yes,a cannot target b
Golemite,RoyalGiant,neither,0,0,0.00,0,,neither can target the other
Golemite,RoyalHogs,neither,0,0,0.00,0,,neither can target the other
Golemite,RoyalRecruits,b,0,8,9.90,8,yes,a cannot target b
Golemite,SkeletonArmy,b,0,13,13.80,13,yes,a cannot target b
Golemite,SkeletonDragons,b,0,7,13.60,7,yes,a cannot target b
Golemite,SkeletonKing,b,0,6,9.30,6,yes,a cannot target b
Golemite,SkeletonWarriors,b,0,9,8.50,9,yes,a cannot target b
Golemite,Skeletons,b,0,13,13.80,13,yes,a cannot target b
Golemite,SpearGoblins,b,0,13,20.30,13,yes,a cannot target b
Golemite,Tesla,b,0,5,5.10,5,yes,
Golemite,ThreeMusketeers,b,0,6,7.20,6,yes,a cannot target b
Golemite,Valkyrie,b,0,4,5.90,4,yes,a cannot target b
Golemite,Wallbreakers,neither,0,0,0.00,0,,neither can target the other
Golemite,Witch,b,0,8,8.10,8,yes,a cannot target b
Golemite,WitchMother,b,0,8,7.70,8,yes,a cannot target b
Golemite,Wizard,b,0,4,5.20,4,yes,a cannot target b
Golemite,Wizard_EV1,b,0,4,5.20,4,yes,a cannot target b
Golemite,Xbow,b,0,18,6.80,18,yes,
Golemite,ZapMachine,b,0,1,3.00,1,yes,a cannot target b
Golemite,goblinstein_doctor,b,0,8,13.90,8,yes,a cannot target b
Heal,HogRider,stalemate,1,0,300.00,0,,b cannot target a; neither dies inside five minutes
Heal,IceGolemite,stalemate,1,0,300.00,0,,b cannot target a; neither dies inside five minutes
Heal,IceSpirits,stalemate,1,1,300.00,0,,neither dies inside five minutes
Heal,IceWizard,b,1,3,4.60,1,,
Heal,InfernoDragon,b,1,4,2.40,0,,
Heal,InfernoTower,b,1,3,2.00,2,,
Heal,KingTower,b,1,3,2.50,2,,
Heal,Knight,b,1,2,3.20,0,,
Heal,LavaHound,stalemate,1,0,300.00,0,,b cannot target a; neither dies inside five minutes
Heal,LavaPups,b,1,3,5.00,0,,
Heal,LittlePrince,b,1,3,3.20,1,,
Heal,MegaKnight,b,1,1,2.50,0,,
Heal,MegaMinion,b,1,1,2.00,0,,
Heal,MightyMiner,b,1,5,3.20,0,,
Heal,Miner,b,1,2,2.97,0,,
Heal,MiniPekka,b,1,1,2.23,0,,
Heal,MiniSparkys,b,1,2,3.60,0,,
Heal,MinionHorde,b,1,3,3.10,0,,
Heal,Minions,b,1,3,3.10,0,,
Heal,Monk,b,1,2,2.70,0,,
Heal,Mortar,b,0,1,3.70,1,yes,
Heal,MovingCannon,b,0,2,1.30,2,yes,
Heal,Musketeer,b,0,1,0.30,1,yes,
Heal,Musketeer_EV1,b,0,1,0.30,1,yes,
Heal,Pekka,b,1,1,3.03,0,,
Heal,Phoenix,b,1,1,1.30,0,,
Heal,Prince,b,1,1,1.80,0,,
Heal,PrincessTower,b,0,3,1.60,3,yes,
Heal,RageBarbarian,b,1,1,1.30,0,,
Heal,RamRider,stalemate,1,0,300.00,0,,b cannot target a; neither dies inside five minutes
Heal,RascalGirl,b,1,2,1.50,1,,
Heal,Rascals,b,1,1,2.80,0,,
Heal,Ronin,b,1,1,1.87,0,,
Heal,RoyalGiant,stalemate,1,0,300.00,0,,b cannot target a; neither dies inside five minutes
Heal,RoyalHogs,stalemate,1,0,300.00,0,,b cannot target a; neither dies inside five minutes
Heal,RoyalRecruits,b,1,2,3.00,0,,
Heal,SkeletonArmy,a,1,0,0.10,1,yes,
Heal,SkeletonDragons,b,1,2,3.60,0,,
Heal,SkeletonKing,b,1,2,4.20,0,,
Heal,SkeletonWarriors,b,1,2,2.10,0,,
Heal,Skeletons,a,1,0,0.10,1,yes,
Heal,SpearGoblins,b,1,3,4.30,1,,
Heal,Tesla,b,0,1,0.70,1,yes,
Heal,ThreeMusketeers,b,1,2,2.00,1,,
Heal,Valkyrie,b,1,1,2.70,0,,
Heal,Wallbreakers,stalemate,1,0,300.00,0,,b cannot target a; neither dies inside five minutes
Heal,Witch,b,0,2,1.50,2,yes,
Heal,WitchMother,b,1,2,1.70,1,,
Heal,Wizard,b,0,1,1.00,1,yes,
Heal,Wizard_EV1,b,0,1,1.00,1,yes,
Heal,Xbow,b,0,4,1.20,4,yes,
Heal,ZapMachine,b,1,1,3.00,0,,
Heal,goblinstein_doctor,b,1,2,3.10,1,,
HogRider,IceGolemite,neither,0,0,0.00,0,,neither can target the other
HogRider,IceSpirits,stalemate,0,1,300.00,0,,a cannot target b; neither dies inside five minutes
HogRider,IceWizard,b,0,20,33.50,20,yes,a cannot target b
HogRider,InfernoDragon,b,0,10,4.80,10,yes,a cannot target b
HogRider,InfernoTower,b,1,8,4.00,6,,
HogRider,KingTower,b,10,19,18.50,4,,
HogRider,Knight,b,0,9,10.30,9,yes,a cannot target b
HogRider,LavaHound,neither,0,0,0.00,0,,neither can target the other
HogRider,LavaPups,b,0,21,34.70,21,yes,a cannot target b
HogRider,LittlePrince,b,0,17,20.00,17,yes,a cannot target b
HogRider,MegaKnight,b,0,7,11.40,7,yes,a cannot target b
HogRider,MegaMinion,b,0,6,8.60,6,yes,a cannot target b
HogRider,MightyMiner,b,0,11,4.70,11,yes,a cannot target b
HogRider,Miner,b,0,9,11.20,9,yes,a cannot target b
HogRider,MiniPekka,b,0,3,4.30,3,yes,a cannot target b
HogRider,MiniSparkys,b,0,15,32.20,15,yes,a cannot target b
HogRider,MinionHorde,b,0,16,18.70,16,yes,a cannot target b
HogRider,Minions,b,0,16,18.70,16,yes,a cannot target b
HogRider,Monk,b,0,13,10.20,13,yes,a cannot target b
HogRider,Mortar,a,5,2,12.75,0,,
HogRider,MovingCannon,b,0,9,7.60,9,yes,a cannot target b
HogRider,Musketeer,b,0,8,7.30,8,yes,a cannot target b
HogRider,Musketeer_EV1,b,0,8,7.30,8,yes,a cannot target b
HogRider,Pekka,b,0,3,4.90,3,yes,a cannot target b
HogRider,Phoenix,b,0,8,7.40,8,yes,a cannot target b
HogRider,Prince,b,0,5,6.50,5,yes,a cannot target b
HogRider,PrincessTower,b,7,19,14.40,6,,
HogRider,RageBarbarian,b,0,7,5.25,7,yes,a cannot target b
HogRider,RamRider,neither,0,0,0.00,0,,neither can target the other
HogRider,RascalGirl,b,0,14,13.50,14,yes,a cannot target b
HogRider,Rascals,b,0,8,11.60,8,yes,a cannot target b
HogRider,Ronin,b,0,5,6.60,5,yes,a cannot target b
HogRider,RoyalGiant,neither,0,0,0.00,0,,neither can target the other
HogRider,RoyalHogs,neither,0,0,0.00,0,,neither can target the other
HogRider,RoyalRecruits,b,0,13,16.40,13,yes,a cannot target b
HogRider,SkeletonArmy,b,0,21,22.80,21,yes,a cannot target b
HogRider,SkeletonDragons,b,0,12,23.60,12,yes,a cannot target b
HogRider,SkeletonKing,b,0,9,14.10,9,yes,a cannot target b
HogRider,SkeletonWarriors,b,0,15,14.50,15,yes,a cannot target b
HogRider,Skeletons,b,0,21,22.80,21,yes,a cannot target b
HogRider,SpearGoblins,b,0,21,33.10,21,yes,a cannot target b
HogRider,Tesla,a,4,7,8.15,0,,
HogRider,ThreeMusketeers,b,0,9,11.10,9,yes,a cannot target b
HogRider,Valkyrie,b,0,7,10.40,7,yes,a cannot target b
HogRider,Wallbreakers,neither,0,0,0.00,0,,neither can target the other
HogRider,Witch,b,0,13,13.60,13,yes,a cannot target b
HogRider,WitchMother,b,0,13,12.70,13,yes,a cannot target b
HogRider,Wizard,b,0,7,9.40,7,yes,a cannot target b
HogRider,Wizard_EV1,b,0,7,9.40,7,yes,a cannot target b
HogRider,Xbow,b,4,30,11.60,16,,
HogRider,ZapMachine,b,0,2,7.00,2,yes,a cannot target b
HogRider,goblinstein_doctor,b,0,13,22.90,13,yes,a cannot target b
IceGolemite,IceSpirits,stalemate,0,1,300.00,0,,a cannot target b; neither dies inside five minutes
IceGolemite,IceWizard,b,0,15,25.00,15,yes,a cannot target b
IceGolemite,InfernoDragon,b,0,9,4.40,9,yes,a cannot target b
IceGolemite,InfernoTower,b,0,8,4.00,8,yes,
IceGolemite,KingTower,b,2,15,14.50,10,,
IceGolemite,Knight,b,0,7,7.90,7,yes,a cannot target b
IceGolemite,LavaHound,neither,0,0,0.00,0,,neither can target the other
IceGolemite,LavaPups,b,0,17,27.90,17,yes,a cannot target b
IceGolemite,LittlePrince,b,0,13,15.20,13,yes,a cannot target b
IceGolemite,MegaKnight,b,0,5,8.00,5,yes,a cannot target b
IceGolemite,MegaMinion,b,0,5,7.10,5,yes,a cannot target b
IceGolemite,MightyMiner,b,0,10,4.30,10,yes,a cannot target b
IceGolemite,Miner,b,0,7,8.60,7,yes,a cannot target b
IceGolemite,MiniPekka,b,0,2,2.70,2,yes,a cannot target b
IceGolemite,MiniSparkys,b,0,12,25.60,12,yes,a cannot target b
IceGolemite,MinionHorde,b,0,13,15.10,13,yes,a cannot target b
IceGolemite,Minions,b,0,13,15.10,13,yes,a cannot target b
IceGolemite,Monk,b,0,10,7.80,10,yes,a cannot target b
IceGolemite,Mortar,b,3,5,22.50,3,,
IceGolemite,MovingCannon,b,0,7,5.80,7,yes,a cannot target b
IceGolemite,Musketeer,b,0,7,6.30,7,yes,a cannot target b
IceGolemite,Musketeer_EV1,b,0,7,6.30,7,yes,a cannot target b
IceGolemite,Pekka,b,0,2,3.10,2,yes,a cannot target b
IceGolemite,Phoenix,b,0,7,6.40,7,yes,a cannot target b
IceGolemite,Prince,b,0,4,5.10,4,yes,a cannot target b
IceGolemite,PrincessTower,b,1,15,11.20,14,,
IceGolemite,RageBarbarian,b,0,6,4.43,6,yes,a cannot target b
IceGolemite,RamRider,neither,0,0,0.00,0,,neither can target the other
IceGolemite,RascalGirl,b,0,11,10.50,11,yes,a cannot target b
IceGolemite,Rascals,b,0,7,10.10,7,yes,a cannot target b
IceGolemite,Ronin,b,0,4,5.20,4,yes,a cannot target b
IceGolemite,RoyalGiant,neither,0,0,0.00,0,,neither can target the other
IceGolemite,RoyalHogs,neither,0,0,0.00,0,,neither can target the other
IceGolemite,RoyalRecruits,b,0,10,12.50,10,yes,a cannot target b
IceGolemite,SkeletonArmy,b,0,17,18.37,17,yes,a cannot target b
IceGolemite,SkeletonDragons,b,0,9,17.60,9,yes,a cannot target b
IceGolemite,SkeletonKing,b,0,7,10.90,7,yes,a cannot target b
IceGolemite,SkeletonWarriors,b,0,12,11.50,12,yes,a cannot target b
IceGolemite,Skeletons,b,0,17,18.37,17,yes,a cannot target b
IceGolemite,SpearGoblins,b,0,17,26.70,17,yes,a cannot target b
IceGolemite,Tesla,b,0,6,6.20,6,yes,
IceGolemite,ThreeMusketeers,b,0,7,8.50,7,yes,a cannot target b
IceGolemite,Valkyrie,b,0,5,7.40,5,yes,a cannot target b
IceGolemite,Wallbreakers,neither,0,0,0.00,0,,neither can target the other
IceGolemite,Witch,b,0,10,10.30,10,yes,a cannot target b
IceGolemite,WitchMother,b,0,10,9.70,10,yes,a cannot target b
IceGolemite,Wizard,b,0,5,6.60,5,yes,a cannot target b
IceGolemite,Wizard_EV1,b,0,5,6.60,5,yes,a cannot target b
IceGolemite,Xbow,b,0,23,8.80,23,yes,
IceGolemite,ZapMachine,b,0,1,3.00,1,yes,a cannot target b
IceGolemite,goblinstein_doctor,b,0,10,17.50,10,yes,a cannot target b
IceSpirits,IceWizard,b,1,3,4.60,1,,
IceSpirits,InfernoDragon,b,1,4,2.40,0,,
IceSpirits,InfernoTower,b,1,3,2.00,2,,
IceSpirits,KingTower,b,1,3,2.50,2,,
IceSpirits,Knight,b,1,2,3.20,0,,
IceSpirits,LavaHound,stalemate,1,0,300.00,0,,b cannot target a; neither dies inside five minutes
IceSpirits,LavaPups,b,1,3,5.00,0,,
IceSpirits,LittlePrince,b,1,3,3.20,1,,
IceSpirits,MegaKnight,b,1,1,2.50,0,,
IceSpirits,MegaMinion,b,1,1,2.00,0,,
IceSpirits,MightyMiner,b,1,5,3.20,0,,
IceSpirits,Miner,b,1,2,2.97,0,,
IceSpirits,MiniPekka,b,1,1,2.23,0,,
IceSpirits,MiniSparkys,b,1,2,3.60,0,,
IceSpirits,MinionHorde,b,1,3,3.10,0,,
IceSpirits,Minions,b,1,3,3.10,0,,
IceSpirits,Monk,b,1,2,2.70,0,,
IceSpirits,Mortar,b,0,1,3.70,1,yes,
IceSpirits,MovingCannon,b,0,2,1.30,2,yes,
IceSpirits,Musketeer,b,0,1,0.30,1,yes,
IceSpirits,Musketeer_EV1,b,0,1,0.30,1,yes,
IceSpirits,Pekka,b,1,1,3.03,0,,
IceSpirits,Phoenix,b,1,1,1.30,0,,
IceSpirits,Prince,b,1,1,1.80,0,,
IceSpirits,PrincessTower,b,0,3,1.60,3,yes,
IceSpirits,RageBarbarian,b,1,1,1.30,0,,
IceSpirits,RamRider,stalemate,1,0,300.00,0,,b cannot target a; neither dies inside five minutes
IceSpirits,RascalGirl,b,1,2,1.50,1,,
IceSpirits,Rascals,b,1,1,2.80,0,,
IceSpirits,Ronin,b,1,1,1.87,0,,
IceSpirits,RoyalGiant,stalemate,1,0,300.00,0,,b cannot target a; neither dies inside five minutes
IceSpirits,RoyalHogs,stalemate,1,0,300.00,0,,b cannot target a; neither dies inside five minutes
IceSpirits,RoyalRecruits,b,1,2,3.00,0,,
IceSpirits,SkeletonArmy,a,1,0,0.10,1,yes,
IceSpirits,SkeletonDragons,b,1,2,3.60,0,,
IceSpirits,SkeletonKing,b,1,2,4.20,0,,
IceSpirits,SkeletonWarriors,b,1,2,2.10,0,,
IceSpirits,Skeletons,a,1,0,0.10,1,yes,
IceSpirits,SpearGoblins,b,1,3,4.30,1,,
IceSpirits,Tesla,b,0,1,0.70,1,yes,
IceSpirits,ThreeMusketeers,b,1,2,2.00,1,,
IceSpirits,Valkyrie,b,1,1,2.70,0,,
IceSpirits,Wallbreakers,stalemate,1,0,300.00,0,,b cannot target a; neither dies inside five minutes
IceSpirits,Witch,b,0,2,1.50,2,yes,
IceSpirits,WitchMother,b,1,2,1.70,1,,
IceSpirits,Wizard,b,0,1,1.00,1,yes,
IceSpirits,Wizard_EV1,b,0,1,1.00,1,yes,
IceSpirits,Xbow,b,0,4,1.20,4,yes,
IceSpirits,ZapMachine,b,1,1,3.00,0,,
IceSpirits,goblinstein_doctor,b,1,2,3.10,1,,
IceWizard,InfernoDragon,b,3,8,6.00,0,,
IceWizard,InfernoTower,b,1,6,3.20,2,,
IceWizard,KingTower,b,3,8,7.50,3,,
IceWizard,Knight,b,5,4,8.60,0,,
IceWizard,LavaHound,a,41,0,69.20,41,yes,b cannot target a
IceWizard,LavaPups,a,3,1,4.60,3,,
IceWizard,LittlePrince,b,5,7,8.00,1,,
IceWizard,MegaKnight,b,5,3,8.90,0,,
IceWizard,MegaMinion,b,5,3,8.00,0,,
IceWizard,MightyMiner,b,4,7,7.00,0,,
IceWizard,Miner,b,4,4,7.57,0,,
IceWizard,MiniPekka,b,2,1,4.23,0,,
IceWizard,MiniSparkys,a,6,4,9.70,1,,
IceWizard,MinionHorde,a,3,2,4.60,1,,
IceWizard,Minions,a,3,2,4.60,1,,
IceWizard,Monk,b,5,5,8.10,0,,
IceWizard,Mortar,b,4,3,13.10,1,,
IceWizard,MovingCannon,b,2,4,3.10,1,,
IceWizard,Musketeer,b,1,4,3.30,2,,
IceWizard,Musketeer_EV1,b,1,4,3.30,2,,
IceWizard,Pekka,b,4,1,7.03,0,,
IceWizard,Phoenix,b,4,4,7.30,0,,
IceWizard,Prince,b,3,2,6.20,0,,
IceWizard,PrincessTower,b,2,8,5.60,4,,
IceWizard,RageBarbarian,b,2,3,4.40,0,,
IceWizard,RamRider,a,20,0,33.50,20,yes,b cannot target a
IceWizard,RascalGirl,a,3,4,4.60,0,,
IceWizard,Rascals,b,6,4,10.30,0,,
IceWizard,Ronin,b,3,2,5.27,0,,
IceWizard,RoyalGiant,a,36,0,60.70,36,yes,b cannot target a
IceWizard,RoyalHogs,a,10,0,16.50,10,yes,b cannot target a
IceWizard,RoyalRecruits,b,6,6,11.20,0,,
IceWizard,SkeletonArmy,a,1,0,1.20,1,yes,
IceWizard,SkeletonDragons,b,6,5,10.93,0,,
IceWizard,SkeletonKing,b,6,4,10.40,0,,
IceWizard,SkeletonWarriors,a,4,4,6.30,2,,
IceWizard,Skeletons,a,1,0,1.20,1,yes,
IceWizard,SpearGoblins,a,2,1,2.90,1,,
IceWizard,Tesla,b,2,4,4.00,1,,
IceWizard,ThreeMusketeers,b,2,4,4.60,1,,
IceWizard,Valkyrie,b,5,3,8.70,0,,
IceWizard,Wallbreakers,a,4,0,6.30,4,yes,b cannot target a
IceWizard,Witch,b,3,6,5.90,1,,
IceWizard,WitchMother,b,3,6,5.70,1,,
IceWizard,Wizard,b,2,3,3.80,1,,
IceWizard,Wizard_EV1,b,2,3,3.80,1,,
IceWizard,Xbow,b,0,12,4.40,12,yes,
IceWizard,ZapMachine,b,2,1,3.67,0,,
IceWizard,goblinstein_doctor,b,6,6,10.30,0,,
InfernoDragon,InfernoTower,b,1,8,4.00,7,,
InfernoDragon,KingTower,a,16,11,10.70,0,,
InfernoDragon,Knight,a,10,0,4.80,10,yes,b cannot target a
InfernoDragon,LavaHound,a,14,0,6.40,14,yes,b cannot target a
InfernoDragon,LavaPups,a,4,0,2.40,4,yes,
InfernoDragon,LittlePrince,a,8,5,6.00,0,,
InfernoDragon,MegaKnight,a,15,0,6.80,15,yes,b cannot target a
InfernoDragon,MegaMinion,a,8,1,4.00,5,,
InfernoDragon,MightyMiner,a,11,0,5.20,11,yes,b cannot target a
InfernoDragon,Miner,a,9,0,4.40,9,yes,b cannot target a
InfernoDragon,MiniPekka,a,9,0,4.40,9,yes,b cannot target a
InfernoDragon,MiniSparkys,a,6,2,4.20,0,,
InfernoDragon,MinionHorde,a,4,1,2.40,1,,
InfernoDragon,Minions,a,4,1,2.40,1,,
InfernoDragon,Monk,a,11,0,5.20,11,yes,b cannot target a
InfernoDragon,Mortar,a,9,0,12.40,9,yes,b cannot target a
InfernoDragon,MovingCannon,a,10,0,6.80,10,yes,b cannot target a
InfernoDragon,Musketeer,b,5,6,5.30,4,,
InfernoDragon,Musketeer_EV1,b,5,6,5.30,4,,
InfernoDragon,Pekka,a,15,0,6.80,15,yes,b cannot target a
InfernoDragon,Phoenix,a,8,2,4.00,3,,
InfernoDragon,Prince,a,10,0,4.80,10,yes,b cannot target a
InfernoDragon,PrincessTower,a,12,13,9.60,0,,
InfernoDragon,RageBarbarian,a,9,0,4.40,9,yes,b cannot target a
InfernoDragon,RamRider,a,10,0,4.80,10,yes,b cannot target a
InfernoDragon,RascalGirl,a,4,4,3.90,0,,
InfernoDragon,Rascals,a,10,0,4.80,10,yes,b cannot target a
InfernoDragon,Ronin,a,10,0,4.80,10,yes,b cannot target a
InfernoDragon,RoyalGiant,a,13,0,7.50,13,yes,b cannot target a
InfernoDragon,RoyalHogs,a,8,0,4.00,8,yes,b cannot target a
InfernoDragon,RoyalRecruits,a,8,0,4.00,8,yes,b cannot target a
InfernoDragon,SkeletonArmy,a,3,0,2.00,3,yes,b cannot target a
InfernoDragon,SkeletonDragons,a,7,2,3.60,2,,
InfernoDragon,SkeletonKing,a,11,0,5.20,11,yes,b cannot target a
InfernoDragon,SkeletonWarriors,a,5,0,2.80,5,yes,b cannot target a
InfernoDragon,Skeletons,a,3,0,2.00,3,yes,b cannot target a
InfernoDragon,SpearGoblins,a,3,2,3.50,0,,
InfernoDragon,Tesla,b,8,6,6.20,3,,
InfernoDragon,ThreeMusketeers,a,8,5,6.50,0,,
InfernoDragon,Valkyrie,a,10,0,4.80,10,yes,b cannot target a
InfernoDragon,Wallbreakers,a,5,0,2.80,5,yes,b cannot target a
InfernoDragon,Witch,a,8,6,6.00,0,,
InfernoDragon,WitchMother,a,6,5,5.20,0,,
InfernoDragon,Wizard,a,8,4,6.00,0,,
InfernoDragon,Wizard_EV1,a,8,4,6.00,0,,
InfernoDragon,Xbow,a,10,0,12.80,10,yes,b cannot target a
InfernoDragon,ZapMachine,a,9,0,5.90,9,yes,b cannot target a
InfernoDragon,goblinstein_doctor,a,8,3,6.00,0,,
InfernoTower,KingTower,b,0,19,18.50,19,yes,a is out-reached and cannot close
InfernoTower,Knight,a,9,0,4.40,9,yes,
InfernoTower,LavaHound,a,11,2,5.20,7,,
InfernoTower,LavaPups,a,3,0,2.00,3,yes,
InfernoTower,LittlePrince,a,6,2,3.20,1,,
InfernoTower,MegaKnight,a,11,0,5.20,11,yes,
InfernoTower,MegaMinion,a,7,0,3.60,7,yes,
InfernoTower,MightyMiner,a,9,0,4.40,9,yes,
InfernoTower,Miner,a,8,1,4.00,8,,
InfernoTower,MiniPekka,a,8,0,4.00,8,yes,
InfernoTower,MiniSparkys,a,5,0,2.80,5,yes,
InfernoTower,MinionHorde,a,3,0,2.00,3,yes,
InfernoTower,Minions,a,3,0,2.00,3,yes,
InfernoTower,Monk,a,9,0,4.40,9,yes,
InfernoTower,Mortar,b,0,7,31.90,7,yes,a is out-reached and cannot close
InfernoTower,MovingCannon,a,9,4,4.40,0,,
InfernoTower,Musketeer,a,7,4,3.60,0,,
InfernoTower,Musketeer_EV1,a,7,4,3.60,0,,
InfernoTower,Pekka,a,11,0,5.20,11,yes,
InfernoTower,Phoenix,a,8,0,4.00,8,yes,
InfernoTower,Prince,a,9,0,4.40,9,yes,
InfernoTower,PrincessTower,b,0,19,14.40,19,yes,a is out-reached and cannot close
InfernoTower,RageBarbarian,a,8,2,4.00,5,,
InfernoTower,RamRider,a,9,0,4.40,9,yes,
InfernoTower,RascalGirl,a,4,1,2.40,1,,
InfernoTower,Rascals,a,9,0,4.40,9,yes,
InfernoTower,Ronin,a,9,1,4.40,8,,
InfernoTower,RoyalGiant,a,10,2,4.80,3,,
InfernoTower,RoyalHogs,a,7,1,3.60,6,,
InfernoTower,RoyalRecruits,a,7,0,3.60,7,yes,
InfernoTower,SkeletonArmy,a,2,0,1.60,2,yes,
InfernoTower,SkeletonDragons,a,5,0,2.80,5,yes,
InfernoTower,SkeletonKing,a,9,0,4.40,9,yes,
InfernoTower,SkeletonWarriors,a,5,0,2.80,5,yes,
InfernoTower,Skeletons,a,2,0,1.60,2,yes,
InfernoTower,SpearGoblins,a,3,1,2.00,2,,
InfernoTower,Tesla,a,8,0,4.00,8,yes,b is out-reached and cannot close
InfernoTower,ThreeMusketeers,a,8,3,4.00,0,,
InfernoTower,Valkyrie,a,9,0,4.40,9,yes,
InfernoTower,Wallbreakers,a,4,0,2.40,4,yes,
InfernoTower,Witch,a,7,3,3.60,0,,
InfernoTower,WitchMother,a,5,2,2.80,1,,
InfernoTower,Wizard,a,7,2,3.60,1,,
InfernoTower,Wizard_EV1,a,8,2,4.00,1,,
InfernoTower,Xbow,b,0,31,12.00,31,yes,a is out-reached and cannot close
InfernoTower,ZapMachine,a,8,0,4.00,8,yes,
InfernoTower,goblinstein_doctor,a,7,2,3.60,2,,
KingTower,Knight,a,20,11,19.50,7,,
KingTower,LavaHound,a,39,26,38.50,5,,
KingTower,LavaPups,a,3,0,2.50,3,yes,
KingTower,LittlePrince,a,8,5,7.50,2,,
KingTower,MegaKnight,b,33,16,32.50,0,,
KingTower,MegaMinion,a,10,3,9.50,7,,
KingTower,MightyMiner,b,13,17,12.50,0,,
KingTower,Miner,a,14,7,13.50,5,,
KingTower,MiniPekka,b,13,6,13.23,0,,
KingTower,MiniSparkys,a,6,1,5.50,4,,
KingTower,MinionHorde,a,3,0,2.50,3,yes,
KingTower,Minions,a,3,0,2.50,3,yes,
KingTower,Monk,a,25,23,24.50,6,,
KingTower,Mortar,b,0,16,74.20,16,yes,a is out-reached and cannot close
KingTower,MovingCannon,b,19,20,19.00,0,,
KingTower,Musketeer,a,8,7,7.50,1,,
KingTower,Musketeer_EV1,a,8,7,7.50,1,,
KingTower,Pekka,b,18,6,18.03,0,,
KingTower,Phoenix,a,12,6,11.50,6,,
KingTower,Prince,b,20,11,20.30,0,,
KingTower,PrincessTower,b,0,46,36.00,46,yes,a is out-reached and cannot close
KingTower,RageBarbarian,a,14,13,13.50,4,,
KingTower,RamRider,a,20,8,19.50,7,,
KingTower,RascalGirl,a,3,1,2.50,3,,
KingTower,Rascals,a,20,9,19.50,7,,
KingTower,Ronin,a,20,11,19.50,5,,
KingTower,RoyalGiant,b,27,14,26.97,0,,
KingTower,RoyalHogs,a,10,5,9.50,4,,
KingTower,RoyalRecruits,a,9,2,8.50,6,,
KingTower,SkeletonArmy,a,1,0,0.50,1,yes,
KingTower,SkeletonDragons,a,7,2,6.50,4,,
KingTower,SkeletonKing,a,25,11,24.50,7,,
KingTower,SkeletonWarriors,a,4,0,3.50,4,yes,
KingTower,Skeletons,a,1,0,0.50,1,yes,
KingTower,SpearGoblins,a,2,0,1.50,2,yes,
KingTower,Tesla,a,13,0,12.50,13,yes,b is out-reached and cannot close
KingTower,ThreeMusketeers,a,10,7,9.50,2,,
KingTower,Valkyrie,a,21,9,20.50,7,,
KingTower,Wallbreakers,a,4,0,3.50,4,yes,
KingTower,Witch,a,10,7,9.50,2,,
KingTower,WitchMother,a,6,4,5.50,2,,
KingTower,Wizard,a,9,5,8.50,3,,
KingTower,Wizard_EV1,a,12,7,11.50,3,,
KingTower,Xbow,b,0,73,28.80,73,yes,a is out-reached and cannot close
KingTower,ZapMachine,a,16,3,15.50,6,,
KingTower,goblinstein_doctor,a,8,3,7.50,3,,
Knight,LavaHound,neither,0,0,0.00,0,,neither can target the other
Knight,LavaPups,b,0,22,36.40,22,yes,a cannot target b
Knight,LittlePrince,a,4,7,8.60,0,,
Knight,MegaKnight,b,9,7,11.40,0,,
Knight,MegaMinion,b,0,6,8.60,6,yes,a cannot target b
Knight,MightyMiner,b,4,11,4.70,1,,
Knight,Miner,a,6,5,6.70,1,,
Knight,MiniPekka,b,4,3,4.57,0,,
Knight,MiniSparkys,a,3,3,6.40,0,,
Knight,MinionHorde,b,0,17,19.90,17,yes,a cannot target b
Knight,Minions,b,0,17,19.90,17,yes,a cannot target b
Knight,Monk,b,8,13,10.20,1,,
Knight,Mortar,a,7,4,18.20,0,,
Knight,MovingCannon,b,3,9,7.60,6,,
Knight,Musketeer,b,3,9,8.30,6,,
Knight,Musketeer_EV1,b,3,9,8.30,6,,
Knight,Pekka,b,4,3,4.90,0,,
Knight,Phoenix,b,0,9,8.40,9,yes,a cannot target b
Knight,Prince,b,5,5,6.50,1,,
Knight,PrincessTower,b,7,20,15.20,9,,
Knight,RageBarbarian,b,4,7,5.45,1,,
Knight,RamRider,a,9,0,10.30,9,yes,b cannot target a
Knight,RascalGirl,a,2,6,5.70,0,,
Knight,Rascals,a,10,7,11.50,1,,
Knight,Ronin,b,5,5,6.60,0,,
Knight,RoyalGiant,a,16,0,22.50,16,yes,b cannot target a
Knight,RoyalHogs,a,5,0,5.50,5,yes,b cannot target a
Knight,RoyalRecruits,a,5,4,5.90,0,,
Knight,SkeletonArmy,a,1,0,0.70,1,yes,
Knight,SkeletonDragons,b,0,12,23.60,12,yes,a cannot target b
Knight,SkeletonKing,a,12,8,13.90,1,,
Knight,SkeletonWarriors,a,3,4,3.50,0,,
Knight,Skeletons,a,1,0,0.70,1,yes,
Knight,SpearGoblins,a,1,3,4.50,0,,
Knight,Tesla,b,4,9,9.50,4,,
Knight,ThreeMusketeers,a,5,8,10.30,0,,
Knight,Valkyrie,b,9,7,10.40,0,,
Knight,Wallbreakers,a,2,0,1.90,2,yes,b cannot target a
Knight,Witch,a,5,9,9.80,0,,
Knight,WitchMother,a,3,7,7.40,0,,
Knight,Wizard,a,4,6,8.60,0,,
Knight,Wizard_EV1,b,4,7,9.40,3,,
Knight,Xbow,b,1,31,12.00,28,,
Knight,ZapMachine,b,3,2,7.00,1,,
Knight,goblinstein_doctor,a,4,5,8.60,0,,
LavaHound,LavaPups,b,0,45,77.40,45,yes,a cannot target b
LavaHound,LittlePrince,b,0,35,41.60,35,yes,a cannot target b
LavaHound,MegaKnight,neither,0,0,0.00,0,,neither can target the other
LavaHound,MegaMinion,b,0,12,19.50,12,yes,a cannot target b
LavaHound,MightyMiner,neither,0,0,0.00,0,,neither can target the other
LavaHound,Miner,neither,0,0,0.00,0,,neither can target the other
LavaHound,MiniPekka,neither,0,0,0.00,0,,neither can target the other
LavaHound,MiniSparkys,b,0,31,67.40,31,yes,a cannot target b
LavaHound,MinionHorde,b,0,34,40.97,34,yes,a cannot target b
LavaHound,Minions,b,0,34,40.97,34,yes,a cannot target b
LavaHound,Monk,neither,0,0,0.00,0,,neither can target the other
LavaHound,Mortar,a,26,0,43.47,26,yes,b cannot target a
LavaHound,MovingCannon,neither,0,0,0.00,0,,neither can target the other
LavaHound,Musketeer,b,0,17,16.30,17,yes,a cannot target b
LavaHound,Musketeer_EV1,b,0,17,16.30,17,yes,a cannot target b
LavaHound,Pekka,neither,0,0,0.00,0,,neither can target the other
LavaHound,Phoenix,b,0,17,18.30,17,yes,a cannot target b
LavaHound,Prince,neither,0,0,0.00,0,,neither can target the other
LavaHound,PrincessTower,b,20,39,30.40,8,,
LavaHound,RageBarbarian,neither,0,0,0.00,0,,neither can target the other
LavaHound,RamRider,neither,0,0,0.00,0,,neither can target the other
LavaHound,RascalGirl,b,0,29,28.50,29,yes,a cannot target b
LavaHound,Rascals,neither,0,0,0.00,0,,neither can target the other
LavaHound,Ronin,neither,0,0,0.00,0,,neither can target the other
LavaHound,RoyalGiant,neither,0,0,0.00,0,,neither can target the other
LavaHound,RoyalHogs,neither,0,0,0.00,0,,neither can target the other
LavaHound,RoyalRecruits,neither,0,0,0.00,0,,neither can target the other
LavaHound,SkeletonArmy,neither,0,0,0.00,0,,neither can target the other
LavaHound,SkeletonDragons,b,0,24,47.60,24,yes,a cannot target b
LavaHound,SkeletonKing,neither,0,0,0.00,0,,neither can target the other
LavaHound,SkeletonWarriors,neither,0,0,0.00,0,,neither can target the other
LavaHound,Skeletons,neither,0,0,0.00,0,,neither can target the other
LavaHound,SpearGoblins,b,0,45,71.50,45,yes,a cannot target b
LavaHound,Tesla,b,12,17,18.30,3,,
LavaHound,ThreeMusketeers,b,0,18,22.80,18,yes,a cannot target b
LavaHound,Valkyrie,neither,0,0,0.00,0,,neither can target the other
LavaHound,Wallbreakers,neither,0,0,0.00,0,,neither can target the other
LavaHound,Witch,b,0,27,29.00,27,yes,a cannot target b
LavaHound,WitchMother,b,0,27,26.70,27,yes,a cannot target b
LavaHound,Wizard,b,0,13,17.80,13,yes,a cannot target b
LavaHound,Wizard_EV1,b,0,13,17.80,13,yes,a cannot target b
LavaHound,Xbow,a,31,0,49.97,31,yes,b cannot target a
LavaHound,ZapMachine,neither,0,0,0.00,0,,neither can target the other
LavaHound,goblinstein_doctor,b,0,27,48.10,27,yes,a cannot target b
LavaPups,LittlePrince,b,0,3,3.20,3,yes,
LavaPups,MegaKnight,a,50,0,84.00,50,yes,b cannot target a
LavaPups,MegaMinion,b,1,1,1.10,0,,
LavaPups,MightyMiner,a,28,0,46.60,28,yes,b cannot target a
LavaPups,Miner,a,15,0,24.50,15,yes,b cannot target a
LavaPups,MiniPekka,a,18,0,29.60,18,yes,b cannot target a
LavaPups,MiniSparkys,b,1,2,3.60,1,,
LavaPups,MinionHorde,b,1,3,3.10,1,,
LavaPups,Minions,b,1,3,3.10,1,,
LavaPups,Monk,a,28,0,46.60,28,yes,b cannot target a
LavaPups,Mortar,a,17,0,37.80,17,yes,b cannot target a
LavaPups,MovingCannon,a,23,0,42.00,23,yes,b cannot target a
LavaPups,Musketeer,b,0,1,0.30,1,yes,
LavaPups,Musketeer_EV1,b,0,1,0.30,1,yes,
LavaPups,Pekka,a,47,0,78.90,47,yes,b cannot target a
LavaPups,Phoenix,b,0,1,0.40,1,yes,
LavaPups,Prince,a,24,0,39.80,24,yes,b cannot target a
LavaPups,PrincessTower,b,0,3,1.60,3,yes,
LavaPups,RageBarbarian,a,16,0,26.20,16,yes,b cannot target a
LavaPups,RamRider,a,22,0,36.40,22,yes,b cannot target a
LavaPups,RascalGirl,b,0,2,1.50,2,yes,
LavaPups,Rascals,a,23,0,38.10,23,yes,b cannot target a
LavaPups,Ronin,a,22,0,36.40,22,yes,b cannot target a
LavaPups,RoyalGiant,a,40,0,70.40,40,yes,b cannot target a
LavaPups,RoyalHogs,a,11,0,17.70,11,yes,b cannot target a
LavaPups,RoyalRecruits,a,10,0,16.00,10,yes,b cannot target a
LavaPups,SkeletonArmy,a,1,0,0.70,1,yes,b cannot target a
LavaPups,SkeletonDragons,b,1,2,3.60,1,,
LavaPups,SkeletonKing,a,29,0,48.30,29,yes,b cannot target a
LavaPups,SkeletonWarriors,a,5,0,7.50,5,yes,b cannot target a
LavaPups,Skeletons,a,1,0,0.70,1,yes,b cannot target a
LavaPups,SpearGoblins,b,1,3,4.30,2,,
LavaPups,Tesla,b,0,1,0.70,1,yes,
LavaPups,ThreeMusketeers,b,0,2,2.00,2,yes,
LavaPups,Valkyrie,a,24,0,39.80,24,yes,b cannot target a
LavaPups,Wallbreakers,a,5,0,7.50,5,yes,b cannot target a
LavaPups,Witch,b,0,2,1.50,2,yes,
LavaPups,WitchMother,b,0,2,1.70,2,yes,
LavaPups,Wizard,b,0,1,1.00,1,yes,
LavaPups,Wizard_EV1,b,0,1,1.00,1,yes,
LavaPups,Xbow,a,20,0,42.90,20,yes,b cannot target a
LavaPups,ZapMachine,a,18,0,33.00,18,yes,b cannot target a
LavaPups,goblinstein_doctor,b,0,2,3.10,2,yes,
LittlePrince,MegaKnight,b,7,3,8.90,0,,
LittlePrince,MegaMinion,b,7,3,8.00,0,,
LittlePrince,MightyMiner,b,6,7,7.00,0,,
LittlePrince,Miner,b,6,4,7.57,0,,
LittlePrince,MiniPekka,b,3,1,4.23,0,,
LittlePrince,MiniSparkys,a,6,3,6.80,2,,
LittlePrince,MinionHorde,a,3,1,3.20,2,,
LittlePrince,Minions,a,3,1,3.20,2,,
LittlePrince,Monk,b,7,5,8.10,0,,
LittlePrince,Mortar,b,6,3,13.10,1,,
LittlePrince,MovingCannon,b,2,4,3.10,1,,
LittlePrince,Musketeer,b,2,4,3.30,1,,
LittlePrince,Musketeer_EV1,b,2,4,3.30,1,,
LittlePrince,Pekka,b,6,1,7.03,0,,
LittlePrince,Phoenix,b,6,4,7.30,0,,
LittlePrince,Prince,b,5,2,6.20,0,,
LittlePrince,PrincessTower,b,3,8,5.60,4,,
LittlePrince,RageBarbarian,b,4,3,4.40,0,,
LittlePrince,RamRider,a,17,0,20.00,17,yes,b cannot target a
LittlePrince,RascalGirl,a,3,3,3.20,1,,
LittlePrince,Rascals,b,8,4,10.30,0,,
LittlePrince,Ronin,b,4,2,5.27,0,,
LittlePrince,RoyalGiant,a,31,0,36.80,31,yes,b cannot target a
LittlePrince,RoyalHogs,a,9,0,10.40,9,yes,b cannot target a
LittlePrince,RoyalRecruits,a,9,5,10.40,4,,
LittlePrince,SkeletonArmy,a,1,0,0.80,1,yes,
LittlePrince,SkeletonDragons,a,6,2,6.80,2,,
LittlePrince,SkeletonKing,b,9,4,10.40,0,,
LittlePrince,SkeletonWarriors,a,4,2,4.40,2,,
LittlePrince,Skeletons,a,1,0,0.80,1,yes,
LittlePrince,SpearGoblins,a,2,1,2.00,1,,
LittlePrince,Tesla,b,3,4,4.00,1,,
LittlePrince,ThreeMusketeers,b,3,4,4.60,1,,
LittlePrince,Valkyrie,b,7,3,8.70,0,,
LittlePrince,Wallbreakers,a,4,0,4.40,4,yes,b cannot target a
LittlePrince,Witch,b,5,6,5.90,1,,
LittlePrince,WitchMother,b,5,6,5.70,1,,
LittlePrince,Wizard,b,3,3,3.80,0,,
LittlePrince,Wizard_EV1,b,3,3,3.80,0,,
LittlePrince,Xbow,b,0,13,4.80,13,yes,
LittlePrince,ZapMachine,b,3,1,3.67,0,,
LittlePrince,goblinstein_doctor,a,7,4,8.00,1,,
MegaKnight,MegaMinion,b,0,13,19.10,13,yes,a cannot target b
MegaKnight,MightyMiner,b,4,16,6.70,3,,
MegaKnight,Miner,a,5,6,8.00,0,,
MegaKnight,MiniPekka,b,5,6,9.37,0,,
MegaKnight,MiniSparkys,a,2,3,6.20,0,,
MegaKnight,MinionHorde,b,0,38,45.10,38,yes,a cannot target b
MegaKnight,Minions,b,0,38,45.10,38,yes,a cannot target b
MegaKnight,Monk,a,9,18,14.80,0,,
MegaKnight,Mortar,a,6,4,20.00,0,,
MegaKnight,MovingCannon,a,7,18,15.70,0,,
MegaKnight,Musketeer,a,3,10,9.40,0,,
MegaKnight,Musketeer_EV1,a,3,10,9.40,0,,
MegaKnight,Pekka,b,5,5,8.50,0,,
MegaKnight,Phoenix,b,0,19,18.40,19,yes,a cannot target b
MegaKnight,Prince,a,8,10,13.50,0,,
MegaKnight,PrincessTower,a,10,29,22.80,0,,
MegaKnight,RageBarbarian,a,5,10,8.00,0,,
MegaKnight,RamRider,a,7,0,11.40,7,yes,b cannot target a
MegaKnight,RascalGirl,a,1,5,5.00,0,,
MegaKnight,Rascals,a,7,7,11.40,1,,
MegaKnight,Ronin,a,7,8,11.40,0,,
MegaKnight,RoyalGiant,a,12,0,23.70,12,yes,b cannot target a
MegaKnight,RoyalHogs,a,4,0,6.30,4,yes,b cannot target a
MegaKnight,RoyalRecruits,a,4,5,6.70,0,,
MegaKnight,SkeletonArmy,a,1,1,1.20,0,,
MegaKnight,SkeletonDragons,b,0,27,53.60,27,yes,a cannot target b
MegaKnight,SkeletonKing,a,9,9,14.80,1,,
MegaKnight,SkeletonWarriors,a,2,3,3.30,0,,
MegaKnight,Skeletons,a,1,1,1.20,0,,
MegaKnight,SpearGoblins,a,1,3,5.00,0,,
MegaKnight,Tesla,a,5,11,12.30,0,,
MegaKnight,ThreeMusketeers,a,4,9,11.10,0,,
MegaKnight,Valkyrie,a,8,8,13.10,1,,
MegaKnight,Wallbreakers,a,2,0,2.90,2,yes,b cannot target a
MegaKnight,Witch,a,4,10,10.60,0,,
MegaKnight,WitchMother,a,2,7,7.20,0,,
MegaKnight,Wizard,a,3,6,8.90,0,,
MegaKnight,Wizard_EV1,a,4,7,10.60,0,,
MegaKnight,Xbow,a,6,51,20.00,0,,
MegaKnight,ZapMachine,b,4,3,11.00,1,,
MegaKnight,goblinstein_doctor,a,3,5,8.90,0,,
MegaMinion,MightyMiner,a,8,0,11.60,8,yes,b cannot target a
MegaMinion,Miner,a,4,0,5.60,4,yes,b cannot target a
MegaMinion,MiniPekka,a,5,0,7.10,5,yes,b cannot target a
MegaMinion,MiniSparkys,a,2,2,5.50,0,,
MegaMinion,MinionHorde,a,1,2,2.00,0,,
MegaMinion,Minions,a,1,2,2.00,0,,
MegaMinion,Monk,a,8,0,11.60,8,yes,b cannot target a
MegaMinion,Mortar,a,5,0,17.00,5,yes,b cannot target a
MegaMinion,MovingCannon,a,6,0,12.50,6,yes,b cannot target a
MegaMinion,Musketeer,b,0,4,3.30,4,yes,
MegaMinion,Musketeer_EV1,b,0,4,3.30,4,yes,
MegaMinion,Pekka,a,13,0,19.10,13,yes,b cannot target a
MegaMinion,Phoenix,b,2,4,3.40,1,,
MegaMinion,Prince,a,7,0,10.10,7,yes,b cannot target a
MegaMinion,PrincessTower,b,1,10,7.20,9,,
MegaMinion,RageBarbarian,a,5,0,7.10,5,yes,b cannot target a
MegaMinion,RamRider,a,6,0,8.60,6,yes,b cannot target a
MegaMinion,RascalGirl,a,1,5,4.50,0,,
MegaMinion,Rascals,a,6,0,8.60,6,yes,b cannot target a
MegaMinion,Ronin,a,6,0,8.60,6,yes,b cannot target a
MegaMinion,RoyalGiant,a,11,0,19.50,11,yes,b cannot target a
MegaMinion,RoyalHogs,a,3,0,4.10,3,yes,b cannot target a
MegaMinion,RoyalRecruits,a,3,0,4.10,3,yes,b cannot target a
MegaMinion,SkeletonArmy,a,1,0,1.10,1,yes,b cannot target a
MegaMinion,SkeletonDragons,a,2,2,4.50,0,,
MegaMinion,SkeletonKing,a,8,0,11.60,8,yes,b cannot target a
MegaMinion,SkeletonWarriors,a,2,0,2.60,2,yes,b cannot target a
MegaMinion,Skeletons,a,1,0,1.10,1,yes,b cannot target a
MegaMinion,SpearGoblins,a,1,3,4.50,0,,
MegaMinion,Tesla,b,0,4,4.00,4,yes,
MegaMinion,ThreeMusketeers,b,1,5,5.90,4,,
MegaMinion,Valkyrie,a,7,0,10.10,7,yes,b cannot target a
MegaMinion,Wallbreakers,a,2,0,2.60,2,yes,b cannot target a
MegaMinion,Witch,b,2,7,7.00,5,,
MegaMinion,WitchMother,a,2,6,6.50,0,,
MegaMinion,Wizard,b,0,3,3.80,3,yes,
MegaMinion,Wizard_EV1,b,0,3,3.80,3,yes,
MegaMinion,Xbow,a,6,0,18.50,6,yes,b cannot target a
MegaMinion,ZapMachine,a,5,0,10.50,5,yes,b cannot target a
MegaMinion,goblinstein_doctor,a,3,4,8.00,0,,
MightyMiner,Miner,a,10,3,4.30,1,,
MightyMiner,MiniPekka,a,10,2,4.30,3,,
MightyMiner,MiniSparkys,a,6,2,5.60,0,,
MightyMiner,MinionHorde,b,0,22,25.90,22,yes,a cannot target b
MightyMiner,Minions,b,0,22,25.90,22,yes,a cannot target b
MightyMiner,Monk,a,12,6,5.10,1,,
MightyMiner,Mortar,a,10,3,14.20,0,,
MightyMiner,MovingCannon,a,11,10,8.60,0,,
MightyMiner,Musketeer,a,7,8,7.50,0,,
MightyMiner,Musketeer_EV1,a,7,8,7.50,0,,
MightyMiner,Pekka,b,12,3,5.43,0,,
MightyMiner,Phoenix,b,0,11,10.40,11,yes,a cannot target b
MightyMiner,Prince,a,11,3,4.70,1,,
MightyMiner,PrincessTower,a,13,15,11.40,0,,
MightyMiner,RageBarbarian,a,10,5,4.30,1,,
MightyMiner,RamRider,a,11,0,4.70,11,yes,b cannot target a
MightyMiner,RascalGirl,a,5,6,5.70,0,,
MightyMiner,Rascals,a,11,2,4.70,4,,
MightyMiner,Ronin,a,11,3,4.70,2,,
MightyMiner,RoyalGiant,a,14,0,9.30,14,yes,b cannot target a
MightyMiner,RoyalHogs,a,8,0,3.50,8,yes,b cannot target a
MightyMiner,RoyalRecruits,a,8,3,3.50,1,,
MightyMiner,SkeletonArmy,a,2,0,1.10,2,yes,
MightyMiner,SkeletonDragons,b,0,15,29.60,15,yes,a cannot target b
MightyMiner,SkeletonKing,a,12,3,5.10,3,,
MightyMiner,SkeletonWarriors,a,6,3,2.70,0,,
MightyMiner,Skeletons,a,2,0,1.10,2,yes,
MightyMiner,SpearGoblins,a,4,3,5.30,0,,
MightyMiner,Tesla,a,9,7,7.80,0,,
MightyMiner,ThreeMusketeers,a,8,6,7.90,0,,
MightyMiner,Valkyrie,a,11,2,4.70,3,,
MightyMiner,Wallbreakers,a,5,0,2.30,5,yes,b cannot target a
MightyMiner,Witch,a,8,7,7.40,0,,
MightyMiner,WitchMother,a,6,6,6.60,0,,
MightyMiner,Wizard,a,7,5,7.00,0,,
MightyMiner,Wizard_EV1,a,9,5,7.80,0,,
MightyMiner,Xbow,a,10,36,14.20,0,,
MightyMiner,ZapMachine,b,8,2,7.00,1,,
MightyMiner,goblinstein_doctor,a,7,4,7.00,0,,
Miner,MiniPekka,b,2,2,2.97,0,,
Miner,MiniSparkys,a,3,2,5.60,0,,
Miner,MinionHorde,b,0,12,13.90,12,yes,a cannot target b
Miner,Minions,b,0,12,13.90,12,yes,a cannot target b
Miner,Monk,b,5,9,7.00,1,,
Miner,Mortar,a,8,3,16.77,0,,
Miner,MovingCannon,b,1,6,4.90,4,,
Miner,Musketeer,b,2,6,5.30,4,,
Miner,Musketeer_EV1,b,2,6,5.30,4,,
Miner,Pekka,b,2,2,3.10,0,,
Miner,Phoenix,b,0,6,5.40,6,yes,a cannot target b
Miner,Prince,b,4,4,5.10,1,,
Miner,PrincessTower,b,5,14,10.40,7,,
Miner,RageBarbarian,b,3,5,3.85,1,,
Miner,RamRider,a,10,0,12.50,10,yes,b cannot target a
Miner,RascalGirl,a,2,5,4.63,0,,
Miner,Rascals,b,7,6,9.00,0,,
Miner,Ronin,b,4,4,5.20,0,,
Miner,RoyalGiant,a,17,0,24.13,17,yes,b cannot target a
Miner,RoyalHogs,a,5,0,6.00,5,yes,b cannot target a
Miner,RoyalRecruits,a,5,5,6.27,0,,
Miner,SkeletonArmy,a,1,0,0.80,1,yes,
Miner,SkeletonDragons,b,0,9,17.60,9,yes,a cannot target b
Miner,SkeletonKing,b,7,6,9.30,0,,
Miner,SkeletonWarriors,a,3,4,3.67,0,,
Miner,Skeletons,a,1,0,0.80,1,yes,
Miner,SpearGoblins,a,1,2,3.33,0,,
Miner,Tesla,b,2,6,6.20,3,,
Miner,ThreeMusketeers,b,3,6,7.20,3,,
Miner,Valkyrie,b,6,5,7.40,0,,
Miner,Wallbreakers,a,2,0,2.10,2,yes,b cannot target a
Miner,Witch,a,5,8,8.87,0,,
Miner,WitchMother,a,3,6,6.27,0,,
Miner,Wizard,b,3,5,6.60,2,,
Miner,Wizard_EV1,b,3,5,6.60,2,,
Miner,Xbow,b,1,21,8.00,20,,
Miner,ZapMachine,b,0,1,3.00,1,yes,
Miner,goblinstein_doctor,a,4,4,7.57,0,,
MiniPekka,MiniSparkys,a,1,1,3.57,0,,
MiniPekka,MinionHorde,b,0,13,15.10,13,yes,a cannot target b
MiniPekka,Minions,b,0,13,15.10,13,yes,a cannot target b
MiniPekka,Monk,a,3,5,4.57,0,,
MiniPekka,Mortar,a,2,2,9.83,0,,
MiniPekka,MovingCannon,b,1,7,5.80,5,,
MiniPekka,Musketeer,a,1,5,4.57,0,,
MiniPekka,Musketeer_EV1,a,1,5,4.57,0,,
MiniPekka,Pekka,b,2,2,3.10,1,,
MiniPekka,Phoenix,b,0,7,6.40,7,yes,a cannot target b
MiniPekka,Prince,a,3,3,4.83,0,,
MiniPekka,PrincessTower,a,4,13,10.37,0,,
MiniPekka,RageBarbarian,a,2,3,2.70,0,,
MiniPekka,RamRider,a,3,0,4.30,3,yes,b cannot target a
MiniPekka,RascalGirl,a,1,4,3.90,0,,
MiniPekka,Rascals,a,3,3,4.30,1,,
MiniPekka,Ronin,a,3,3,4.57,0,,
MiniPekka,RoyalGiant,a,5,0,10.30,5,yes,b cannot target a
MiniPekka,RoyalHogs,a,2,0,2.70,2,yes,b cannot target a
MiniPekka,RoyalRecruits,a,2,2,3.23,0,,
MiniPekka,SkeletonArmy,a,1,1,1.10,0,,
MiniPekka,SkeletonDragons,b,0,10,19.60,10,yes,a cannot target b
MiniPekka,SkeletonKing,a,4,4,6.17,0,,
MiniPekka,SkeletonWarriors,a,2,3,3.23,0,,
MiniPekka,Skeletons,a,1,1,1.10,0,,
MiniPekka,SpearGoblins,a,1,2,3.90,0,,
MiniPekka,Tesla,a,2,5,5.83,0,,
MiniPekka,ThreeMusketeers,a,2,5,6.17,0,,
MiniPekka,Valkyrie,a,3,3,4.57,1,,
MiniPekka,Wallbreakers,a,1,0,1.10,1,yes,b cannot target a
MiniPekka,Witch,a,2,5,5.83,0,,
MiniPekka,WitchMother,a,1,4,4.23,0,,
MiniPekka,Wizard,a,1,3,4.23,0,,
MiniPekka,Wizard_EV1,a,2,4,5.83,0,,
MiniPekka,Xbow,b,1,24,9.20,21,,
MiniPekka,ZapMachine,a,2,1,5.50,0,,
MiniPekka,goblinstein_doctor,a,1,2,4.23,0,,
MiniSparkys,MinionHorde,a,2,2,3.60,1,,
MiniSparkys,Minions,a,2,2,3.60,1,,
MiniSparkys,Monk,b,3,4,6.30,0,,
MiniSparkys,Mortar,b,1,2,8.40,1,,
MiniSparkys,MovingCannon,b,0,3,2.20,3,yes,
MiniSparkys,Musketeer,b,0,3,2.30,3,yes,
MiniSparkys,Musketeer_EV1,b,0,3,2.30,3,yes,
MiniSparkys,Pekka,b,2,1,5.70,0,,
MiniSparkys,Phoenix,b,2,3,5.30,0,,
MiniSparkys,Prince,b,2,2,5.20,0,,
MiniSparkys,PrincessTower,b,0,6,4.00,6,yes,
MiniSparkys,RageBarbarian,b,2,3,3.90,0,,
MiniSparkys,RamRider,a,16,0,34.40,16,yes,b cannot target a
MiniSparkys,RascalGirl,b,2,5,4.50,2,,
MiniSparkys,Rascals,b,3,3,7.80,0,,
MiniSparkys,Ronin,b,2,2,4.60,0,,
MiniSparkys,RoyalGiant,a,28,0,61.30,28,yes,b cannot target a
MiniSparkys,RoyalHogs,a,8,0,16.80,8,yes,b cannot target a
MiniSparkys,RoyalRecruits,b,3,4,7.60,0,,
MiniSparkys,SkeletonArmy,a,1,0,1.40,1,yes,
MiniSparkys,SkeletonDragons,b,4,4,8.27,0,,
MiniSparkys,SkeletonKing,b,3,3,7.80,0,,
MiniSparkys,SkeletonWarriors,b,3,5,6.43,0,,
MiniSparkys,Skeletons,a,1,0,1.40,1,yes,
MiniSparkys,SpearGoblins,a,2,2,4.10,0,,
MiniSparkys,Tesla,b,1,3,2.90,2,,
MiniSparkys,ThreeMusketeers,b,1,3,3.30,2,,
MiniSparkys,Valkyrie,b,3,2,6.20,0,,
MiniSparkys,Wallbreakers,a,3,0,5.80,3,yes,b cannot target a
MiniSparkys,Witch,b,1,4,3.70,2,,
MiniSparkys,WitchMother,b,1,4,3.70,2,,
MiniSparkys,Wizard,b,1,2,2.40,1,,
MiniSparkys,Wizard_EV1,b,1,2,2.40,1,,
MiniSparkys,Xbow,b,0,10,3.60,10,yes,
MiniSparkys,ZapMachine,b,1,1,3.00,0,,
MiniSparkys,goblinstein_doctor,b,2,4,6.70,1,,
MinionHorde,Minions,both,3,3,3.10,0,,they kill each other on the same tick
MinionHorde,Monk,a,21,0,24.70,21,yes,b cannot target a
MinionHorde,Mortar,a,13,0,21.10,13,yes,b cannot target a
MinionHorde,MovingCannon,a,17,0,21.90,17,yes,b cannot target a
MinionHorde,Musketeer,b,0,2,1.30,2,yes,
MinionHorde,Musketeer_EV1,b,0,2,1.30,2,yes,
MinionHorde,Pekka,a,36,0,42.70,36,yes,b cannot target a
MinionHorde,Phoenix,b,2,2,2.30,0,,
MinionHorde,Prince,a,18,0,21.10,18,yes,b cannot target a
MinionHorde,PrincessTower,b,0,3,1.60,3,yes,
MinionHorde,RageBarbarian,a,12,0,13.90,12,yes,b cannot target a
MinionHorde,RamRider,a,17,0,19.90,17,yes,b cannot target a
MinionHorde,RascalGirl,b,0,2,1.50,2,yes,
MinionHorde,Rascals,a,18,0,21.10,18,yes,b cannot target a
MinionHorde,Ronin,a,17,0,19.90,17,yes,b cannot target a
MinionHorde,RoyalGiant,a,30,0,37.17,30,yes,b cannot target a
MinionHorde,RoyalHogs,a,8,0,9.10,8,yes,b cannot target a
MinionHorde,RoyalRecruits,a,9,0,10.30,9,yes,b cannot target a
MinionHorde,SkeletonArmy,a,1,0,0.70,1,yes,b cannot target a
MinionHorde,SkeletonDragons,b,2,2,3.60,0,,
MinionHorde,SkeletonKing,a,22,0,25.90,22,yes,b cannot target a
MinionHorde,SkeletonWarriors,a,4,0,4.30,4,yes,b cannot target a
MinionHorde,Skeletons,a,1,0,0.70,1,yes,b cannot target a
MinionHorde,SpearGoblins,a,2,2,3.57,0,,
MinionHorde,Tesla,b,0,2,1.80,2,yes,
MinionHorde,ThreeMusketeers,b,0,2,2.00,2,yes,
MinionHorde,Valkyrie,a,18,0,21.10,18,yes,b cannot target a
MinionHorde,Wallbreakers,a,4,0,4.30,4,yes,b cannot target a
MinionHorde,Witch,b,0,2,1.50,2,yes,
MinionHorde,WitchMother,b,0,2,1.70,2,yes,
MinionHorde,Wizard,b,0,1,1.00,1,yes,
MinionHorde,Wizard_EV1,b,0,1,1.00,1,yes,
MinionHorde,Xbow,a,15,0,23.50,15,yes,b cannot target a
MinionHorde,ZapMachine,a,14,0,17.97,14,yes,b cannot target a
MinionHorde,goblinstein_doctor,b,1,2,3.10,1,,
Minions,Monk,a,21,0,24.70,21,yes,b cannot target a
Minions,Mortar,a,13,0,21.10,13,yes,b cannot target a
Minions,MovingCannon,a,17,0,21.90,17,yes,b cannot target a
Minions,Musketeer,b,0,2,1.30,2,yes,
Minions,Musketeer_EV1,b,0,2,1.30,2,yes,
Minions,Pekka,a,36,0,42.70,36,yes,b cannot target a
Minions,Phoenix,b,2,2,2.30,0,,
Minions,Prince,a,18,0,21.10,18,yes,b cannot target a
Minions,PrincessTower,b,0,3,1.60,3,yes,
Minions,RageBarbarian,a,12,0,13.90,12,yes,b cannot target a
Minions,RamRider,a,17,0,19.90,17,yes,b cannot target a
Minions,RascalGirl,b,0,2,1.50,2,yes,
Minions,Rascals,a,18,0,21.10,18,yes,b cannot target a
Minions,Ronin,a,17,0,19.90,17,yes,b cannot target a
Minions,RoyalGiant,a,30,0,37.17,30,yes,b cannot target a
Minions,RoyalHogs,a,8,0,9.10,8,yes,b cannot target a
Minions,RoyalRecruits,a,9,0,10.30,9,yes,b cannot target a
Minions,SkeletonArmy,a,1,0,0.70,1,yes,b cannot target a
Minions,SkeletonDragons,b,2,2,3.60,0,,
Minions,SkeletonKing,a,22,0,25.90,22,yes,b cannot target a
Minions,SkeletonWarriors,a,4,0,4.30,4,yes,b cannot target a
Minions,Skeletons,a,1,0,0.70,1,yes,b cannot target a
Minions,SpearGoblins,a,2,2,3.57,0,,
Minions,Tesla,b,0,2,1.80,2,yes,
Minions,ThreeMusketeers,b,0,2,2.00,2,yes,
Minions,Valkyrie,a,18,0,21.10,18,yes,b cannot target a
Minions,Wallbreakers,a,4,0,4.30,4,yes,b cannot target a
Minions,Witch,b,0,2,1.50,2,yes,
Minions,WitchMother,b,0,2,1.70,2,yes,
Minions,Wizard,b,0,1,1.00,1,yes,
Minions,Wizard_EV1,b,0,1,1.00,1,yes,
Minions,Xbow,a,15,0,23.50,15,yes,b cannot target a
Minions,ZapMachine,a,14,0,17.97,14,yes,b cannot target a
Minions,goblinstein_doctor,b,1,2,3.10,1,,
Monk,Mortar,a,10,4,18.10,0,,
Monk,MovingCannon,b,6,11,9.40,5,,
Monk,Musketeer,a,6,10,9.40,0,,
Monk,Musketeer_EV1,a,6,10,9.40,0,,
Monk,Pekka,b,6,3,4.90,0,,
Monk,Phoenix,b,0,11,10.40,11,yes,a cannot target b
Monk,Prince,b,9,6,7.90,1,,
Monk,PrincessTower,b,16,25,19.20,9,,
Monk,RageBarbarian,b,9,9,7.05,0,,
Monk,RamRider,a,13,0,10.20,13,yes,b cannot target a
Monk,RascalGirl,a,2,5,5.20,0,,
Monk,Rascals,a,14,7,11.00,2,,
Monk,Ronin,b,10,6,8.00,0,,
Monk,RoyalGiant,a,23,0,22.00,23,yes,b cannot target a
Monk,RoyalHogs,a,6,0,4.60,6,yes,b cannot target a
Monk,RoyalRecruits,a,6,4,5.00,0,,
Monk,SkeletonArmy,a,1,0,0.60,1,yes,
Monk,SkeletonDragons,b,0,15,29.60,15,yes,a cannot target b
Monk,SkeletonKing,a,17,8,13.40,1,,
Monk,SkeletonWarriors,a,3,3,2.60,0,,
Monk,Skeletons,a,1,0,0.60,1,yes,
Monk,SpearGoblins,a,1,3,4.40,0,,
Monk,Tesla,a,9,10,11.30,0,,
Monk,ThreeMusketeers,a,7,8,10.20,0,,
Monk,Valkyrie,a,14,7,11.00,2,,
Monk,Wallbreakers,a,3,0,2.20,3,yes,b cannot target a
Monk,Witch,a,6,8,8.90,0,,
Monk,WitchMother,a,4,7,7.30,0,,
Monk,Wizard,a,6,6,8.90,0,,
Monk,Wizard_EV1,a,8,7,10.50,0,,
Monk,Xbow,b,6,39,15.20,28,,
Monk,ZapMachine,b,4,2,7.00,1,,
Monk,goblinstein_doctor,a,6,5,8.90,0,,
Mortar,MovingCannon,b,2,7,11.80,0,,
Mortar,Musketeer,b,2,7,11.80,0,,
Mortar,Musketeer_EV1,b,2,7,11.80,0,,
Mortar,Pekka,b,3,2,16.83,0,,
Mortar,Phoenix,b,0,7,16.30,7,yes,a cannot target b
Mortar,Prince,b,3,4,15.00,0,,
Mortar,PrincessTower,a,10,0,46.00,10,yes,b is out-reached and cannot close
Mortar,RageBarbarian,b,2,6,9.80,0,,
Mortar,RamRider,b,4,6,20.30,0,,
Mortar,RascalGirl,a,1,0,3.70,1,yes,
Mortar,Rascals,b,4,7,20.80,0,,
Mortar,Ronin,b,2,4,12.07,0,,
Mortar,RoyalGiant,b,3,5,16.77,0,,
Mortar,RoyalHogs,a,4,10,17.80,1,,
Mortar,RoyalRecruits,a,4,6,17.80,2,,
Mortar,SkeletonArmy,a,1,0,3.70,1,yes,
Mortar,SkeletonDragons,b,0,10,24.93,10,yes,a cannot target b
Mortar,SkeletonKing,b,4,7,21.20,0,,
Mortar,SkeletonWarriors,a,2,2,8.40,1,,
Mortar,Skeletons,a,1,0,3.70,1,yes,
Mortar,SpearGoblins,a,1,0,3.70,1,yes,
Mortar,Tesla,a,5,0,22.50,5,yes,b is out-reached and cannot close
Mortar,ThreeMusketeers,b,3,7,14.00,0,,
Mortar,Valkyrie,b,4,6,19.20,0,,
Mortar,Wallbreakers,a,2,1,8.40,1,,
Mortar,Witch,b,3,11,17.40,0,,
Mortar,WitchMother,a,2,2,8.40,1,,
Mortar,Wizard,b,2,5,12.60,0,,
Mortar,Wizard_EV1,b,2,5,12.60,0,,
Mortar,Xbow,b,2,24,9.20,10,,
Mortar,ZapMachine,b,3,2,15.67,0,,
Mortar,goblinstein_doctor,a,3,4,13.10,1,,
MovingCannon,Musketeer,a,4,4,3.60,0,,
MovingCannon,Musketeer_EV1,a,4,4,3.60,0,,
MovingCannon,Pekka,b,12,3,10.63,0,,
MovingCannon,Phoenix,b,0,9,12.30,9,yes,a cannot target b
MovingCannon,Prince,a,10,3,8.50,5,,
MovingCannon,PrincessTower,a,13,17,13.20,0,,
MovingCannon,RageBarbarian,a,7,4,5.80,3,,
MovingCannon,RamRider,a,9,0,7.60,9,yes,b cannot target a
MovingCannon,RascalGirl,a,2,1,1.30,1,,
MovingCannon,Rascals,a,9,2,7.60,7,,
MovingCannon,Ronin,a,9,3,7.60,4,,
MovingCannon,RoyalGiant,a,15,0,13.00,15,yes,b cannot target a
MovingCannon,RoyalHogs,a,4,0,3.10,4,yes,b cannot target a
MovingCannon,RoyalRecruits,a,5,0,4.00,5,yes,
MovingCannon,SkeletonArmy,a,1,0,0.40,1,yes,
MovingCannon,SkeletonDragons,b,0,12,24.93,12,yes,a cannot target b
MovingCannon,SkeletonKing,a,11,3,9.40,6,,
MovingCannon,SkeletonWarriors,a,3,0,2.20,3,yes,
MovingCannon,Skeletons,a,1,0,0.40,1,yes,
MovingCannon,SpearGoblins,a,1,0,0.40,1,yes,
MovingCannon,Tesla,a,6,4,4.90,1,,
MovingCannon,ThreeMusketeers,a,5,3,4.50,0,,
MovingCannon,Valkyrie,a,9,2,7.60,6,,
MovingCannon,Wallbreakers,a,2,0,1.30,2,yes,b cannot target a
MovingCannon,Witch,a,4,3,3.10,1,,
MovingCannon,WitchMother,a,3,2,2.20,1,,
MovingCannon,Wizard,a,4,2,3.10,1,,
MovingCannon,Wizard_EV1,a,5,3,4.00,1,,
MovingCannon,Xbow,b,7,32,12.40,16,,
MovingCannon,ZapMachine,a,7,1,5.80,4,,
MovingCannon,goblinstein_doctor,a,4,2,3.10,2,,
Musketeer,Musketeer_EV1,both,4,4,3.30,0,,they kill each other on the same tick
Musketeer,Pekka,b,8,1,7.70,0,,
Musketeer,Phoenix,a,5,0,4.30,5,yes,
Musketeer,Prince,b,7,2,6.70,0,,
Musketeer,PrincessTower,b,4,8,5.60,3,,
Musketeer,RageBarbarian,b,5,3,4.65,0,,
Musketeer,RamRider,a,9,0,8.30,9,yes,b cannot target a
Musketeer,RascalGirl,a,2,0,1.30,2,yes,
Musketeer,Rascals,a,9,2,8.30,7,,
Musketeer,Ronin,b,6,2,5.60,0,,
Musketeer,RoyalGiant,a,15,0,14.30,15,yes,b cannot target a
Musketeer,RoyalHogs,a,4,0,3.30,4,yes,b cannot target a
Musketeer,RoyalRecruits,a,5,0,4.30,5,yes,
Musketeer,SkeletonArmy,a,1,0,0.30,1,yes,
Musketeer,SkeletonDragons,a,3,0,2.30,3,yes,
Musketeer,SkeletonKing,a,11,3,10.30,6,,
Musketeer,SkeletonWarriors,a,3,0,2.30,3,yes,
Musketeer,Skeletons,a,1,0,0.30,1,yes,
Musketeer,SpearGoblins,a,1,0,0.30,1,yes,
Musketeer,Tesla,a,6,0,5.30,6,yes,b is out-reached and cannot close
Musketeer,ThreeMusketeers,a,5,3,4.30,1,,
Musketeer,Valkyrie,a,9,2,8.30,6,,
Musketeer,Wallbreakers,a,2,0,1.30,2,yes,b cannot target a
Musketeer,Witch,a,4,3,3.30,1,,
Musketeer,WitchMother,a,3,2,2.30,1,,
Musketeer,Wizard,a,4,2,3.30,2,,
Musketeer,Wizard_EV1,both,5,3,4.30,0,,they kill each other on the same tick
Musketeer,Xbow,b,0,13,4.80,13,yes,
Musketeer,ZapMachine,b,5,1,4.33,0,,
Musketeer,goblinstein_doctor,a,4,1,3.30,2,,
Musketeer_EV1,Pekka,b,8,1,7.70,0,,
Musketeer_EV1,Phoenix,a,5,0,4.30,5,yes,
Musketeer_EV1,Prince,b,7,2,6.70,0,,
Musketeer_EV1,PrincessTower,b,4,8,5.60,3,,
Musketeer_EV1,RageBarbarian,b,5,3,4.65,0,,
Musketeer_EV1,RamRider,a,9,0,8.30,9,yes,b cannot target a
Musketeer_EV1,RascalGirl,a,2,0,1.30,2,yes,
Musketeer_EV1,Rascals,a,9,2,8.30,7,,
Musketeer_EV1,Ronin,b,6,2,5.60,0,,
Musketeer_EV1,RoyalGiant,a,15,0,14.30,15,yes,b cannot target a
Musketeer_EV1,RoyalHogs,a,4,0,3.30,4,yes,b cannot target a
Musketeer_EV1,RoyalRecruits,a,5,0,4.30,5,yes,
Musketeer_EV1,SkeletonArmy,a,1,0,0.30,1,yes,
Musketeer_EV1,SkeletonDragons,a,3,0,2.30,3,yes,
Musketeer_EV1,SkeletonKing,a,11,3,10.30,6,,
Musketeer_EV1,SkeletonWarriors,a,3,0,2.30,3,yes,
Musketeer_EV1,Skeletons,a,1,0,0.30,1,yes,
Musketeer_EV1,SpearGoblins,a,1,0,0.30,1,yes,
Musketeer_EV1,Tesla,a,6,0,5.30,6,yes,b is out-reached and cannot close
Musketeer_EV1,ThreeMusketeers,a,5,3,4.30,1,,
Musketeer_EV1,Valkyrie,a,9,2,8.30,6,,
Musketeer_EV1,Wallbreakers,a,2,0,1.30,2,yes,b cannot target a
Musketeer_EV1,Witch,a,4,3,3.30,1,,
Musketeer_EV1,WitchMother,a,3,2,2.30,1,,
Musketeer_EV1,Wizard,a,4,2,3.30,2,,
Musketeer_EV1,Wizard_EV1,both,5,3,4.30,0,,they kill each other on the same tick
Musketeer_EV1,Xbow,b,0,13,4.80,13,yes,
Musketeer_EV1,ZapMachine,b,5,1,4.33,0,,
Musketeer_EV1,goblinstein_doctor,a,4,1,3.30,2,,
Pekka,Phoenix,b,0,18,17.40,18,yes,a cannot target b
Pekka,Prince,a,3,4,5.43,0,,
Pekka,PrincessTower,a,4,19,15.10,0,,
Pekka,RageBarbarian,a,2,4,3.10,0,,
Pekka,RamRider,a,3,0,4.90,3,yes,b cannot target a
Pekka,RascalGirl,a,1,6,6.37,0,,
Pekka,Rascals,a,3,3,4.90,1,,
Pekka,Ronin,a,3,3,4.90,0,,
Pekka,RoyalGiant,a,4,0,11.77,4,yes,b cannot target a
Pekka,RoyalHogs,a,1,0,1.30,1,yes,b cannot target a
Pekka,RoyalRecruits,a,2,3,3.63,0,,
Pekka,SkeletonArmy,a,1,1,1.30,0,,
Pekka,SkeletonDragons,b,0,25,49.60,25,yes,a cannot target b
Pekka,SkeletonKing,a,3,3,4.90,1,,
Pekka,SkeletonWarriors,a,2,4,3.63,0,,
Pekka,Skeletons,a,1,1,1.30,0,,
Pekka,SpearGoblins,a,1,4,6.37,0,,
Pekka,Tesla,a,2,8,8.83,0,,
Pekka,ThreeMusketeers,a,2,7,9.50,0,,
Pekka,Valkyrie,a,3,3,4.90,1,,
Pekka,Wallbreakers,a,1,0,1.30,1,yes,b cannot target a
Pekka,Witch,a,1,7,7.03,0,,
Pekka,WitchMother,a,1,7,7.03,0,,
Pekka,Wizard,a,1,5,7.03,0,,
Pekka,Wizard_EV1,a,2,6,8.83,0,,
Pekka,Xbow,a,2,43,16.83,0,,
Pekka,ZapMachine,a,2,2,8.17,0,,
Pekka,goblinstein_doctor,a,1,4,7.03,0,,
Phoenix,Prince,a,9,0,8.40,9,yes,b cannot target a
Phoenix,PrincessTower,b,3,12,8.80,8,,
Phoenix,RageBarbarian,a,6,0,5.40,6,yes,b cannot target a
Phoenix,RamRider,a,9,0,8.40,9,yes,b cannot target a
Phoenix,RascalGirl,a,2,5,4.80,0,,
Phoenix,Rascals,a,9,0,8.40,9,yes,b cannot target a
Phoenix,Ronin,a,9,0,8.40,9,yes,b cannot target a
Phoenix,RoyalGiant,a,15,0,17.80,15,yes,b cannot target a
Phoenix,RoyalHogs,a,4,0,3.40,4,yes,b cannot target a
Phoenix,RoyalRecruits,a,5,0,4.40,5,yes,b cannot target a
Phoenix,SkeletonArmy,a,1,0,0.40,1,yes,b cannot target a
Phoenix,SkeletonDragons,a,3,2,4.30,0,,
Phoenix,SkeletonKing,a,11,0,10.40,11,yes,b cannot target a
Phoenix,SkeletonWarriors,a,3,0,2.40,3,yes,b cannot target a
Phoenix,Skeletons,a,1,0,0.40,1,yes,b cannot target a
Phoenix,SpearGoblins,a,1,2,3.80,0,,
Phoenix,Tesla,b,1,5,5.10,4,,
Phoenix,ThreeMusketeers,b,3,6,7.20,4,,
Phoenix,Valkyrie,a,9,0,8.40,9,yes,b cannot target a
Phoenix,Wallbreakers,a,2,0,1.40,2,yes,b cannot target a
Phoenix,Witch,a,4,7,7.30,0,,
Phoenix,WitchMother,a,3,6,6.30,0,,
Phoenix,Wizard,b,1,4,5.20,3,,
Phoenix,Wizard_EV1,b,1,4,5.20,3,,
Phoenix,Xbow,a,8,0,17.30,8,yes,b cannot target a
Phoenix,ZapMachine,a,7,0,9.80,7,yes,b cannot target a
Phoenix,goblinstein_doctor,a,4,4,7.30,0,,
Prince,PrincessTower,a,7,20,15.20,0,,
Prince,RageBarbarian,a,4,6,5.10,0,,
Prince,RamRider,a,5,0,6.50,5,yes,b cannot target a
Prince,RascalGirl,a,1,4,4.30,0,,
Prince,Rascals,a,5,4,6.50,1,,
Prince,Ronin,a,5,4,6.50,1,,
Prince,RoyalGiant,a,9,0,15.50,9,yes,b cannot target a
Prince,RoyalHogs,a,3,0,3.70,3,yes,b cannot target a
Prince,RoyalRecruits,a,3,3,3.70,0,,
Prince,SkeletonArmy,a,1,0,0.90,1,yes,
Prince,SkeletonDragons,b,0,13,25.60,13,yes,a cannot target b
Prince,SkeletonKing,a,6,4,7.90,1,,
Prince,SkeletonWarriors,a,2,2,2.30,0,,
Prince,Skeletons,a,1,0,0.90,1,yes,
Prince,SpearGoblins,a,1,3,4.30,0,,
Prince,Tesla,a,4,8,9.00,0,,
Prince,ThreeMusketeers,a,3,6,8.10,0,,
Prince,Valkyrie,a,5,4,6.50,1,,
Prince,Wallbreakers,a,1,0,0.90,1,yes,b cannot target a
Prince,Witch,a,3,7,7.60,0,,
Prince,WitchMother,a,2,6,6.20,0,,
Prince,Wizard,a,2,4,6.20,0,,
Prince,Wizard_EV1,a,3,5,7.60,0,,
Prince,Xbow,b,2,34,13.20,27,,
Prince,ZapMachine,b,2,2,7.00,1,,
Prince,goblinstein_doctor,a,2,3,6.20,0,,
PrincessTower,RageBarbarian,a,14,9,10.40,5,,
PrincessTower,RamRider,a,20,5,15.20,10,,
PrincessTower,RascalGirl,a,3,0,1.60,3,yes,
PrincessTower,Rascals,a,20,5,15.20,10,,
PrincessTower,Ronin,b,18,7,13.60,0,,
PrincessTower,RoyalGiant,b,24,9,18.63,0,,
PrincessTower,RoyalHogs,a,10,3,7.20,6,,
PrincessTower,RoyalRecruits,a,9,0,6.40,9,yes,
PrincessTower,SkeletonArmy,a,1,0,0.00,1,yes,
PrincessTower,SkeletonDragons,a,7,1,4.80,6,,
PrincessTower,SkeletonKing,a,25,8,19.20,10,,
PrincessTower,SkeletonWarriors,a,4,0,2.40,4,yes,
PrincessTower,Skeletons,a,1,0,0.00,1,yes,
PrincessTower,SpearGoblins,a,2,0,0.80,2,yes,
PrincessTower,Tesla,a,13,0,9.60,13,yes,b is out-reached and cannot close
PrincessTower,ThreeMusketeers,a,10,4,7.20,3,,
PrincessTower,Valkyrie,a,21,6,16.00,10,,
PrincessTower,Wallbreakers,a,4,0,2.40,4,yes,
PrincessTower,Witch,a,10,5,7.20,4,,
PrincessTower,WitchMother,a,6,2,4.00,4,,
PrincessTower,Wizard,a,9,3,6.40,4,,
PrincessTower,Wizard_EV1,a,12,5,8.80,4,,
PrincessTower,Xbow,b,0,45,17.60,45,yes,a is out-reached and cannot close
PrincessTower,ZapMachine,b,13,2,10.33,0,,
PrincessTower,goblinstein_doctor,a,8,2,5.60,5,,
RageBarbarian,RamRider,a,7,0,5.25,7,yes,b cannot target a
RageBarbarian,RascalGirl,a,2,3,3.35,0,,
RageBarbarian,Rascals,a,8,4,6.05,1,,
RageBarbarian,Ronin,b,6,4,5.20,0,,
RageBarbarian,RoyalGiant,a,13,0,12.15,13,yes,b cannot target a
RageBarbarian,RoyalHogs,a,4,0,2.83,4,yes,b cannot target a
RageBarbarian,RoyalRecruits,a,4,2,3.25,0,,
RageBarbarian,SkeletonArmy,a,1,0,0.40,1,yes,
RageBarbarian,SkeletonDragons,b,0,9,17.60,9,yes,a cannot target b
RageBarbarian,SkeletonKing,a,9,4,7.05,1,,
RageBarbarian,SkeletonWarriors,a,2,2,1.65,0,,
RageBarbarian,Skeletons,a,1,0,0.40,1,yes,
RageBarbarian,SpearGoblins,a,1,1,2.55,0,,
RageBarbarian,Tesla,a,5,5,6.00,0,,
RageBarbarian,ThreeMusketeers,a,4,4,5.45,0,,
RageBarbarian,Valkyrie,a,8,4,6.25,1,,
RageBarbarian,Wallbreakers,a,2,0,1.20,2,yes,b cannot target a
RageBarbarian,Witch,a,4,5,5.20,0,,
RageBarbarian,WitchMother,a,3,4,4.40,0,,
RageBarbarian,Wizard,a,3,3,4.40,0,,
RageBarbarian,Wizard_EV1,a,4,4,5.20,0,,
RageBarbarian,Xbow,b,4,23,8.80,15,,
RageBarbarian,ZapMachine,b,1,1,3.00,0,,
RageBarbarian,goblinstein_doctor,a,3,2,4.40,0,,
RamRider,RascalGirl,b,0,15,14.50,15,yes,a cannot target b
RamRider,Rascals,b,0,9,13.10,9,yes,a cannot target b
RamRider,Ronin,b,0,5,6.60,5,yes,a cannot target b
RamRider,RoyalGiant,neither,0,0,0.00,0,,neither can target the other
RamRider,RoyalHogs,neither,0,0,0.00,0,,neither can target the other
RamRider,RoyalRecruits,b,0,14,17.70,14,yes,a cannot target b
RamRider,SkeletonArmy,b,0,22,23.90,22,yes,a cannot target b
RamRider,SkeletonDragons,b,0,12,23.60,12,yes,a cannot target b
RamRider,SkeletonKing,b,0,9,14.10,9,yes,a cannot target b
RamRider,SkeletonWarriors,b,0,16,15.50,16,yes,a cannot target b
RamRider,Skeletons,b,0,22,23.90,22,yes,a cannot target b
RamRider,SpearGoblins,b,0,22,34.70,22,yes,a cannot target b
RamRider,Tesla,b,3,9,9.50,5,,
RamRider,ThreeMusketeers,b,0,9,11.10,9,yes,a cannot target b
RamRider,Valkyrie,b,0,7,10.40,7,yes,a cannot target b
RamRider,Wallbreakers,neither,0,0,0.00,0,,neither can target the other
RamRider,Witch,b,0,14,14.70,14,yes,a cannot target b
RamRider,WitchMother,b,0,14,13.70,14,yes,a cannot target b
RamRider,Wizard,b,0,7,9.40,7,yes,a cannot target b
RamRider,Wizard_EV1,b,0,7,9.40,7,yes,a cannot target b
RamRider,Xbow,b,1,31,12.00,30,,
RamRider,ZapMachine,b,0,2,7.00,2,yes,a cannot target b
RamRider,goblinstein_doctor,b,0,14,24.70,14,yes,a cannot target b
RascalGirl,Rascals,b,7,2,6.80,0,,
RascalGirl,Ronin,b,4,1,3.53,0,,
RascalGirl,RoyalGiant,a,26,0,25.50,26,yes,b cannot target a
RascalGirl,RoyalHogs,a,7,0,6.50,7,yes,b cannot target a
RascalGirl,RoyalRecruits,b,6,2,5.50,0,,
RascalGirl,SkeletonArmy,a,1,0,0.50,1,yes,
RascalGirl,SkeletonDragons,a,5,1,4.50,3,,
RascalGirl,SkeletonKing,b,7,2,6.70,0,,
RascalGirl,SkeletonWarriors,a,4,1,3.50,3,,
RascalGirl,Skeletons,a,1,0,0.50,1,yes,
RascalGirl,SpearGoblins,a,2,1,1.50,1,,
RascalGirl,Tesla,b,1,2,1.80,1,,
RascalGirl,ThreeMusketeers,b,1,2,2.00,1,,
RascalGirl,Valkyrie,b,5,1,5.20,0,,
RascalGirl,Wallbreakers,a,3,0,2.50,3,yes,b cannot target a
RascalGirl,Witch,b,1,2,1.50,1,,
RascalGirl,WitchMother,b,1,2,1.70,1,,
RascalGirl,Wizard,b,1,1,1.00,0,,
RascalGirl,Wizard_EV1,b,1,1,1.00,0,,
RascalGirl,Xbow,b,0,5,1.60,5,yes,
RascalGirl,ZapMachine,b,3,1,3.00,0,,
RascalGirl,goblinstein_doctor,b,3,2,3.10,0,,
Rascals,Ronin,b,4,5,6.60,1,,
Rascals,RoyalGiant,a,15,0,26.30,15,yes,b cannot target a
Rascals,RoyalHogs,a,4,0,5.60,4,yes,b cannot target a
Rascals,RoyalRecruits,a,5,6,7.90,0,,
Rascals,SkeletonArmy,a,1,1,1.10,0,,
Rascals,SkeletonDragons,b,0,13,25.60,13,yes,a cannot target b
Rascals,SkeletonKing,b,9,9,14.10,1,,
Rascals,SkeletonWarriors,a,3,5,4.90,0,,
Rascals,Skeletons,a,1,1,1.10,0,,
Rascals,SpearGoblins,a,1,3,5.30,0,,
Rascals,Tesla,b,3,9,9.50,5,,
Rascals,ThreeMusketeers,b,4,9,11.10,5,,
Rascals,Valkyrie,b,6,7,10.40,1,,
Rascals,Wallbreakers,a,2,0,2.60,2,yes,b cannot target a
Rascals,Witch,a,4,10,10.30,0,,
Rascals,WitchMother,a,3,9,8.80,0,,
Rascals,Wizard,b,3,7,9.40,4,,
Rascals,Wizard_EV1,b,3,7,9.40,4,,
Rascals,Xbow,b,1,32,12.40,30,,
Rascals,ZapMachine,b,2,2,7.00,1,,
Rascals,goblinstein_doctor,a,4,6,10.30,0,,
Ronin,RoyalGiant,a,9,0,14.73,9,yes,b cannot target a
Ronin,RoyalHogs,a,3,0,3.80,3,yes,b cannot target a
Ronin,RoyalRecruits,a,3,3,4.07,0,,
Ronin,SkeletonArmy,a,1,0,1.00,1,yes,
Ronin,SkeletonDragons,b,0,12,23.60,12,yes,a cannot target b
Ronin,SkeletonKing,a,7,6,9.40,1,,
Ronin,SkeletonWarriors,a,2,3,2.67,0,,
Ronin,Skeletons,a,1,0,1.00,1,yes,
Ronin,SpearGoblins,a,1,2,3.53,0,,
Ronin,Tesla,a,4,7,8.07,0,,
Ronin,ThreeMusketeers,a,3,5,7.00,0,,
Ronin,Valkyrie,a,6,5,8.00,1,,
Ronin,Wallbreakers,a,1,0,1.00,1,yes,b cannot target a
Ronin,Witch,a,3,6,6.67,0,,
Ronin,WitchMother,a,2,5,5.27,0,,
Ronin,Wizard,a,3,5,6.67,0,,
Ronin,Wizard_EV1,a,4,6,8.07,0,,
Ronin,Xbow,b,3,31,12.00,20,,
Ronin,ZapMachine,b,3,2,7.00,1,,
Ronin,goblinstein_doctor,a,2,3,5.27,0,,
RoyalGiant,RoyalHogs,neither,0,0,0.00,0,,neither can target the other
RoyalGiant,RoyalRecruits,b,0,24,34.10,24,yes,a cannot target b
RoyalGiant,SkeletonArmy,b,0,40,46.50,40,yes,a cannot target b
RoyalGiant,SkeletonDragons,b,0,21,42.60,21,yes,a cannot target b
RoyalGiant,SkeletonKing,b,0,16,29.10,16,yes,a cannot target b
RoyalGiant,SkeletonWarriors,b,0,28,29.77,28,yes,a cannot target b
RoyalGiant,Skeletons,b,0,40,46.50,40,yes,a cannot target b
RoyalGiant,SpearGoblins,b,0,40,63.50,40,yes,a cannot target b
RoyalGiant,Tesla,a,4,6,6.97,0,,
RoyalGiant,ThreeMusketeers,b,0,16,20.20,16,yes,a cannot target b
RoyalGiant,Valkyrie,b,0,12,21.70,12,yes,a cannot target b
RoyalGiant,Wallbreakers,neither,0,0,0.00,0,,neither can target the other
RoyalGiant,Witch,b,0,24,25.70,24,yes,a cannot target b
RoyalGiant,WitchMother,b,0,24,23.70,24,yes,a cannot target b
RoyalGiant,Wizard,b,0,12,16.40,12,yes,a cannot target b
RoyalGiant,Wizard_EV1,b,0,12,16.40,12,yes,a cannot target b
RoyalGiant,Xbow,a,6,47,18.57,0,,
RoyalGiant,ZapMachine,b,0,3,11.00,3,yes,a cannot target b
RoyalGiant,goblinstein_doctor,b,0,24,42.70,24,yes,a cannot target b
RoyalHogs,RoyalRecruits,b,0,7,8.60,7,yes,a cannot target b
RoyalHogs,SkeletonArmy,b,0,11,11.77,11,yes,a cannot target b
RoyalHogs,SkeletonDragons,b,0,6,11.60,6,yes,a cannot target b
RoyalHogs,SkeletonKing,b,0,5,7.70,5,yes,a cannot target b
RoyalHogs,SkeletonWarriors,b,0,8,7.50,8,yes,a cannot target b
RoyalHogs,Skeletons,b,0,11,11.77,11,yes,a cannot target b
RoyalHogs,SpearGoblins,b,0,11,17.10,11,yes,a cannot target b
RoyalHogs,Tesla,b,1,4,4.00,3,,
RoyalHogs,ThreeMusketeers,b,0,5,5.90,5,yes,a cannot target b
RoyalHogs,Valkyrie,b,0,4,5.90,4,yes,a cannot target b
RoyalHogs,Wallbreakers,neither,0,0,0.00,0,,neither can target the other
RoyalHogs,Witch,b,0,7,7.00,7,yes,a cannot target b
RoyalHogs,WitchMother,b,0,7,6.70,7,yes,a cannot target b
RoyalHogs,Wizard,b,0,3,3.80,3,yes,a cannot target b
RoyalHogs,Wizard_EV1,b,0,3,3.80,3,yes,a cannot target b
RoyalHogs,Xbow,b,0,15,5.60,15,yes,
RoyalHogs,ZapMachine,b,0,1,3.00,1,yes,a cannot target b
RoyalHogs,goblinstein_doctor,b,0,7,12.10,7,yes,a cannot target b
RoyalRecruits,SkeletonArmy,a,1,0,0.80,1,yes,
RoyalRecruits,SkeletonDragons,b,0,6,11.60,6,yes,a cannot target b
RoyalRecruits,SkeletonKing,b,6,5,8.10,0,,
RoyalRecruits,SkeletonWarriors,a,3,3,3.40,0,,
RoyalRecruits,Skeletons,a,1,0,0.80,1,yes,
RoyalRecruits,SpearGoblins,a,1,2,4.20,0,,
RoyalRecruits,Tesla,b,1,5,5.10,4,,
RoyalRecruits,ThreeMusketeers,b,1,5,5.90,4,,
RoyalRecruits,Valkyrie,b,5,4,6.30,0,,
RoyalRecruits,Wallbreakers,a,3,0,3.40,3,yes,b cannot target a
RoyalRecruits,Witch,b,2,7,7.00,4,,
RoyalRecruits,WitchMother,b,2,7,6.70,4,,
RoyalRecruits,Wizard,b,0,3,3.80,3,yes,
RoyalRecruits,Wizard_EV1,b,0,3,3.80,3,yes,
RoyalRecruits,Xbow,b,0,15,5.60,15,yes,
RoyalRecruits,ZapMachine,b,3,2,7.00,1,,
RoyalRecruits,goblinstein_doctor,a,6,6,11.20,0,,
SkeletonArmy,SkeletonDragons,b,0,1,1.60,1,yes,a cannot target b
SkeletonArmy,SkeletonKing,b,1,1,1.30,0,,
SkeletonArmy,SkeletonWarriors,b,0,1,0.50,1,yes,
SkeletonArmy,Skeletons,both,1,1,0.60,0,,they kill each other on the same tick
SkeletonArmy,SpearGoblins,b,0,1,1.10,1,yes,
SkeletonArmy,Tesla,b,0,1,0.70,1,yes,
SkeletonArmy,ThreeMusketeers,b,0,1,0.70,1,yes,
SkeletonArmy,Valkyrie,b,1,1,1.40,0,,
SkeletonArmy,Wallbreakers,a,5,0,5.00,5,yes,b cannot target a
SkeletonArmy,Witch,b,0,1,0.40,1,yes,
SkeletonArmy,WitchMother,b,0,1,0.70,1,yes,
SkeletonArmy,Wizard,b,0,1,1.00,1,yes,
SkeletonArmy,Wizard_EV1,b,0,1,1.00,1,yes,
SkeletonArmy,Xbow,b,0,2,0.40,2,yes,
SkeletonArmy,ZapMachine,b,0,1,3.00,1,yes,
SkeletonArmy,goblinstein_doctor,b,0,1,1.30,1,yes,
SkeletonDragons,SkeletonKing,a,16,0,31.60,16,yes,b cannot target a
SkeletonDragons,SkeletonWarriors,a,3,0,5.60,3,yes,b cannot target a
SkeletonDragons,Skeletons,a,1,0,1.60,1,yes,b cannot target a
SkeletonDragons,SpearGoblins,a,1,1,2.60,0,,
SkeletonDragons,Tesla,b,0,3,2.90,3,yes,
SkeletonDragons,ThreeMusketeers,b,1,3,3.30,2,,
SkeletonDragons,Valkyrie,a,13,0,25.60,13,yes,b cannot target a
SkeletonDragons,Wallbreakers,a,3,0,5.60,3,yes,b cannot target a
SkeletonDragons,Witch,b,1,5,4.80,3,,
SkeletonDragons,WitchMother,b,1,5,4.70,3,,
SkeletonDragons,Wizard,b,0,2,2.40,2,yes,
SkeletonDragons,Wizard_EV1,b,0,2,2.40,2,yes,
SkeletonDragons,Xbow,a,11,0,26.93,11,yes,b cannot target a
SkeletonDragons,ZapMachine,a,10,0,20.60,10,yes,b cannot target a
SkeletonDragons,goblinstein_doctor,b,3,5,8.50,1,,
SkeletonKing,SkeletonWarriors,a,3,5,4.90,0,,
SkeletonKing,Skeletons,a,1,1,1.30,0,,
SkeletonKing,SpearGoblins,a,1,3,5.10,0,,
SkeletonKing,Tesla,b,4,11,11.70,5,,
SkeletonKing,ThreeMusketeers,a,5,10,12.50,0,,
SkeletonKing,Valkyrie,b,8,9,13.40,0,,
SkeletonKing,Wallbreakers,a,2,0,2.90,2,yes,b cannot target a
SkeletonKing,Witch,a,5,11,12.00,0,,
SkeletonKing,WitchMother,a,3,9,8.80,0,,
SkeletonKing,Wizard,a,4,7,10.40,0,,
SkeletonKing,Wizard_EV1,a,5,8,12.00,0,,
SkeletonKing,Xbow,b,3,40,15.60,29,,
SkeletonKing,ZapMachine,b,2,2,7.00,1,,
SkeletonKing,goblinstein_doctor,a,4,6,10.40,0,,
SkeletonWarriors,Skeletons,a,1,0,0.50,1,yes,
SkeletonWarriors,SpearGoblins,a,2,2,3.77,0,,
SkeletonWarriors,Tesla,b,0,3,2.90,3,yes,
SkeletonWarriors,ThreeMusketeers,b,0,3,3.30,3,yes,
SkeletonWarriors,Valkyrie,b,3,2,3.30,0,,
SkeletonWarriors,Wallbreakers,a,3,0,2.50,3,yes,b cannot target a
SkeletonWarriors,Witch,b,0,3,2.60,3,yes,
SkeletonWarriors,WitchMother,b,0,3,2.70,3,yes,
SkeletonWarriors,Wizard,b,0,2,2.40,2,yes,
SkeletonWarriors,Wizard_EV1,b,0,2,2.40,2,yes,
SkeletonWarriors,Xbow,b,0,7,2.40,7,yes,
SkeletonWarriors,ZapMachine,b,5,2,7.00,0,,
SkeletonWarriors,goblinstein_doctor,b,2,3,4.90,1,,
Skeletons,SpearGoblins,b,0,1,1.10,1,yes,
Skeletons,Tesla,b,0,1,0.70,1,yes,
Skeletons,ThreeMusketeers,b,0,1,0.70,1,yes,
Skeletons,Valkyrie,b,1,1,1.40,0,,
Skeletons,Wallbreakers,a,5,0,5.00,5,yes,b cannot target a
Skeletons,Witch,b,0,1,0.40,1,yes,
Skeletons,WitchMother,b,0,1,0.70,1,yes,
Skeletons,Wizard,b,0,1,1.00,1,yes,
Skeletons,Wizard_EV1,b,0,1,1.00,1,yes,
Skeletons,Xbow,b,0,2,0.40,2,yes,
Skeletons,ZapMachine,b,0,1,3.00,1,yes,
Skeletons,goblinstein_doctor,b,0,1,1.30,1,yes,
SpearGoblins,Tesla,b,0,1,0.70,1,yes,
SpearGoblins,ThreeMusketeers,b,0,1,0.70,1,yes,
SpearGoblins,Valkyrie,b,3,1,5.20,0,,
SpearGoblins,Wallbreakers,a,5,0,7.50,5,yes,b cannot target a
SpearGoblins,Witch,b,0,1,0.40,1,yes,
SpearGoblins,WitchMother,b,0,1,0.70,1,yes,
SpearGoblins,Wizard,b,0,1,1.00,1,yes,
SpearGoblins,Wizard_EV1,b,0,1,1.00,1,yes,
SpearGoblins,Xbow,b,0,3,0.80,3,yes,
SpearGoblins,ZapMachine,b,2,1,3.00,0,,
SpearGoblins,goblinstein_doctor,b,0,1,1.30,1,yes,
Tesla,ThreeMusketeers,b,0,6,7.20,6,yes,a is out-reached and cannot close
Tesla,Valkyrie,a,9,3,9.50,5,,
Tesla,Wallbreakers,a,2,0,1.80,2,yes,
Tesla,Witch,a,4,4,4.00,0,,
Tesla,WitchMother,a,3,3,2.90,1,,
Tesla,Wizard,a,4,3,4.00,1,,
Tesla,Wizard_EV1,a,5,3,5.10,1,,
Tesla,Xbow,b,0,21,8.00,21,yes,a is out-reached and cannot close
Tesla,ZapMachine,b,3,1,3.67,0,,
Tesla,goblinstein_doctor,a,4,2,4.00,1,,
ThreeMusketeers,Valkyrie,b,8,4,10.70,0,,
ThreeMusketeers,Wallbreakers,a,2,0,2.00,2,yes,b cannot target a
ThreeMusketeers,Witch,a,5,5,5.90,1,,
ThreeMusketeers,WitchMother,a,3,3,3.30,1,,
ThreeMusketeers,Wizard,a,4,3,4.60,1,,
ThreeMusketeers,Wizard_EV1,b,4,4,5.70,0,,
ThreeMusketeers,Xbow,b,0,16,6.00,16,yes,
ThreeMusketeers,ZapMachine,b,3,1,4.33,0,,
ThreeMusketeers,goblinstein_doctor,a,4,2,4.60,1,,
Valkyrie,Wallbreakers,a,2,0,2.90,2,yes,b cannot target a
Valkyrie,Witch,a,4,9,10.20,0,,
Valkyrie,WitchMother,a,2,7,7.20,0,,
Valkyrie,Wizard,a,3,6,8.70,0,,
Valkyrie,Wizard_EV1,b,3,7,9.40,4,,
Valkyrie,Xbow,b,1,33,12.80,30,,
Valkyrie,ZapMachine,b,2,2,7.00,1,,
Valkyrie,goblinstein_doctor,a,3,5,8.70,0,,
Wallbreakers,Witch,b,0,3,2.60,3,yes,a cannot target b
Wallbreakers,WitchMother,b,0,3,2.70,3,yes,a cannot target b
Wallbreakers,Wizard,b,0,2,2.40,2,yes,a cannot target b
Wallbreakers,Wizard_EV1,b,0,2,2.40,2,yes,a cannot target b
Wallbreakers,Xbow,b,0,6,2.00,6,yes,
Wallbreakers,ZapMachine,b,0,1,3.00,1,yes,a cannot target b
Wallbreakers,goblinstein_doctor,b,0,3,4.90,3,yes,a cannot target b
Witch,WitchMother,a,4,4,3.70,1,,
Witch,Wizard,b,4,3,3.80,0,,
Witch,Wizard_EV1,b,4,3,3.80,0,,
Witch,Xbow,b,0,15,5.60,15,yes,
Witch,ZapMachine,b,3,1,3.67,0,,
Witch,goblinstein_doctor,a,6,3,5.90,1,,
WitchMother,Wizard,b,2,2,2.40,0,,
WitchMother,Wizard_EV1,b,2,2,2.40,0,,
WitchMother,Xbow,b,0,10,3.60,10,yes,
WitchMother,ZapMachine,b,3,1,3.67,0,,
WitchMother,goblinstein_doctor,a,6,3,5.70,1,,
Wizard,Wizard_EV1,b,3,3,3.80,0,,
Wizard,Xbow,b,0,14,5.20,14,yes,
Wizard,ZapMachine,b,2,1,3.67,0,,
Wizard,goblinstein_doctor,a,3,2,3.80,1,,
Wizard_EV1,Xbow,b,0,18,6.80,18,yes,
Wizard_EV1,ZapMachine,b,5,2,7.67,0,,
Wizard_EV1,goblinstein_doctor,a,3,2,3.80,1,,
Xbow,ZapMachine,a,26,0,10.00,26,yes,
Xbow,goblinstein_doctor,a,13,0,4.80,13,yes,
ZapMachine,goblinstein_doctor,a,1,2,3.67,0,,
